-- phpMyAdmin SQL Dump
-- version 4.7.3
-- https://www.phpmyadmin.net/
--
-- Host: oecoarchdatabase.mysql.db
-- Generation Time: Jul 08, 2018 at 01:23 PM
-- Server version: 5.5.55-0+deb7u1-log
-- PHP Version: 5.6.33-0+deb8u1

SET SQL_MODE = "NO_AUTO_VALUE_ON_ZERO";
SET AUTOCOMMIT = 0;
START TRANSACTION;
SET time_zone = "+00:00";


/*!40101 SET @OLD_CHARACTER_SET_CLIENT=@@CHARACTER_SET_CLIENT */;
/*!40101 SET @OLD_CHARACTER_SET_RESULTS=@@CHARACTER_SET_RESULTS */;
/*!40101 SET @OLD_COLLATION_CONNECTION=@@COLLATION_CONNECTION */;
/*!40101 SET NAMES utf8mb4 */;

--
-- Database: `oecoarchdatabase`
--

--
-- Dumping data for table `categories`
--

INSERT INTO `categories` (`id`, `name`) VALUES
('cultural', 'Culturel'),
('academic', 'éducation'),
('dwelling', 'Logement'),
('health', 'Santé'),
('sport', 'Sport'),
('tertiary', 'Tertiaire'),
('urbanism', 'Urbanisme');

--
-- Dumping data for table `news`
--

INSERT INTO `news` (`id`, `title`, `summary`, `order`, `project_id`) VALUES
('bureaux-l', 'Bureaux L, bureaux pour des agriculteurs à Liposthey (Landes)', 'Prix de la Première Oeuvre Le Moniteur 2011 - Vanessa Larrère Architecte', 6, NULL),
('cabestany', 'Contruction de l\'espace jeunesse et centre d\'hébergement collectif de Cabestany (Pyrénées Orientales)', 'Projet Lauréat, démarrage du chantier printemps 2015', 1, NULL),
('creche-amouroux', 'Centre petite enfance et multi-accueil Amouroux à Toulouse', 'Chantier en cours', 4, NULL),
('entrevue', 'Conférence', 'Oeco-Architectes & W-Architectures. Echanges autour de différents parcours de conception au CMAV, à Toulouse', 5, NULL),
('liget', 'Musée d\'Ethnographie', 'Projet finaliste du concours international LIGET BUDAPEST', 0, NULL),
('maison-du-golf-livre', 'Maison du golf, Biscarrosse (Landes)', 'Projet livré', 2, NULL),
('rehab-cahors', 'Restructuration du campus universitaire de Cahors (Lot)', 'Projet Lauréat, démarrage du chantier printemps 2015', 3, NULL);

--
-- Dumping data for table `projects`
--

INSERT INTO `projects` (`id`, `title`, `summary`, `content`, `published`, `date`) VALUES
('bibliotheque-mjc-espace-senior-saint-jean', 'Bibliothèque-Ludothèque, MJC, Espace Jeunes et Espace Seniors à Saint-Jean', '', 'Le projet consiste à la création d’un espace public unitaire et continu autour et en face de l’hôtel de ville de Saint Jean et à la définition d’un équipement public mixte et inter-générationnel qui participera à l’animation du coeur de ville. Les espaces publics principaux de la ville seront reliés grâce à une même trame paysagère, constituée par un traitement du sol et des plantations unitaires. L’objectif de ce traitement est de rendre identifiable le coeur de ville et de qualifier une promenade piétonne continue et facilement repérable.  \r\n\r\nLe nouvel équipement vient se glisser dans la trame, le long des parcours pour ne pas bloquer les vues, les ouvertures et les continuités. Il laisse un espace suffisant pour préserver le mail d’arbres existants. Visible depuis les rues mitoyennes, l’équipement s’insère sans créer d’arrière. \r\n\r\nLe traitement des espaces extérieurs est organisé en patchwork afin d’intégrer les différents usages de manière non sectorisée. Différentes matières se mêlent et créent ainsi un nouveau paysage à l’atmosphère particulière, à la fois urbaine et végétale.\r\n\r\nComposé de trois grandes entités (bibliothèque, espace jeunesse et espace seniors), le nouvel équipement inter-générationnel abritera des activités différenciées mais devra pouvoir par moments générer des transversalités et permettre une mutualisation. La bibliothèque se trouve à l’étage et son entrée, au RDC, est située à la rotule entre l’espace jeunes et l’espace seniors. Le volume de l’étage supérieur vient chevaucher le niveau inférieur de manière à créer un débord qui protège toutes les entrées. Ce décalage et l’auvent de l’entrée permettent d’accentuer la visibilité de la bibliothèque au sein de l’espace urbain.\r\n\r\nL’équipement est traité d’une manière unitaire, pour renforcer sa présence dans l’espace public. Il s’agit d’une architecture contemporaine, épurée et calme, au service du renouveau du centre ville.  La teinte choisie, le blanc, est simple et élégante. A la fois reflétante et attirante, elle participe à la luminosité de l’espace public. L’équipement est également vitré en grande partie, de manière créer des ouvertures et transparences sur la ville et donner envie d’y rentrer. L’ensemble de l’enveloppe de l’équipement est définie avec une peau verticale, rythmée et jouant un rôle de filtre, constituée de façade métallique tantôt pleine, tantôt en métal déployé. Ces variations produisent des effets cinétiques et des jeux d’ombre et lumière qui donnent à la façade son élégance.\r\n\r\n', 1, '2015-01-14 23:00:00'),
('bureaux-l', 'Bureaux L, bureaux pour des agriculteurs à Liposthey', 'Prix de la première œuvre Le Moniteur 2011', '« Réparer l’existant / Evoquer le Déjà Là »\r\n\r\nEn parcourant les routes longilignes de la région landaise, une image frappe l’esprit des voyageurs, celle des séquences répétitives des pins qui les longent. Le rythme changeant des arbres sous les effets de la cinétique trouble les sens au même titre que des variations musicales. \r\nC’est ce sentiment primitif qui est à la base du projet, situé au cœur de la forêt landaise: retrouver l’alternance des troncs de bois qui s’alignent, et laissent ou non passer la lumière et les vues. \r\n\r\nLe projet s’inscrit au cœur d’un domaine agricole familial constitué de champs et d’entrepôts disposés de manière anarchique au fil des extensions successives. De manière à donner une cohésion à cet ensemble désordonné, il s’agissait de constituer un élément fondateur au cœur du domaine, redonnant simplicité et ordre au tout. \r\n\r\nLe bâtiment, en bordure d’autoroute, se définit à travers sa structure en bois clairement exposée vers l’extérieur. La façade ainsi constituée de modules structurels répétitifs produit des reflets changeants sous les effets de la lumière, eux-mêmes accentués par la vision en mouvement depuis la route. \r\nLes bâtiments existants étants réalisés par le même charpentier, l’utilisation du bois était évidente. Sa présence en tant qu’élément fondateur fut volontaire: réutiliser un élément déjà présent dans un dessein différent: la structure n’est plus bardée de métal mais se dévoile pleinement.\r\nL’utilisation du bois fait ici appel à l’intelligence constructive mais la dépasse, elle va au-delà de la simple contrainte gravitationnelle afin de rendre lisible un langage architectural, support de poésie et d’émotion pour ceux qui le parcourent.\r\n\r\nA l’intérieur, le volume central de l’entrée en double hauteur connecte l’ensemble des espaces de travail. Simples et lumineux, ceux-ci sont séquencés par des vues vers les champs et les paysages lointains. L’ordre structurel du bâtiment se lit également de l’intérieur et permet de définir les différents espaces. \r\n\r\nLe projet venant en extension de bâtiments existants, l’interface est gérée grâce à une paroi épaisse intégrant l’ensemble des rangements, passages de gaines et accès à l’usine, le tout dans un traitement unifié de panneaux savamment agencés. \r\nAfin d’offrir la plus grande ouverture sur l’extérieur, sans obstacle visuel, les baies sont constituées de vitrages fixes, la fonction de ventilation étant assurée par des panneaux de bois ouvrants.\r\n\r\nLe regard traverse alors et s’éloigne vers les paysages lointains… Là où se situe le commencement....', 1, '2012-10-12 22:00:00'),
('bureaux-pgs', 'Bureau PGS, Siège Social à Salles', '', 'Le projet fait suite à la commande d’un nouveau siège social dans les Landes pour le fabriquant de palettes  PGS Beynel. Le site est une clairière dégagée offrant des vues à 360° surplombant le paysage des champs landais, ce qui est plutôt rare dans la région. Le projet sera constitué d’un seul bâtiment et de ses accès dans un premier temps, pour ensuite pouvoir se développer avec des extensions successives réalisées sur le même principe.\r\n\r\nLa commande d’un nouveau siège social travaillant avec le bois comme matière première est l’occasion de magnifier ce matériau, de créer un écrin pour les activités de l’entreprise, garantissant l’image de marque du groupe PGS. \r\n\r\nLe projet est défini dès l’esquisse en collaboration avec une entreprise de structure bois, ce qui permet une cohérence totale entre l’image du projet et sa réalisation, basée sur la répétition d’un portique structurel en bois. Un claustra bois reprenant symboliquement l’accumulation des palettes permet de protéger les vitrages et de réguler les apports solaires.\r\nCe projet est l’occasion de travailler avec l’ensemble de la filière bois avec un cycle court d’utilisation de la matière première dans une démarche écologique et économique. En effet, l’entreprise PGS étant propriétaire des stocks de bois issus de la dernière tempête de 2009, entreposés sur le site, il est question de fournir ce bois aux scieries et aux fabricants des éléments structurels et de bardage du projet afin d’alimenter le chantier. \r\n\r\nLe bâtiment, peu épais, permet d’organiser des espaces traversants orientant des vues multiples vers le paysage.\r\n\r\nDès l’entrée du bâtiment, traversante et située en son cœur, on est projeté vers l’environnement alentour grâce à de grandes vitrées. \r\nLe hall, caréné de bois, est également un espace d’exposition en double hauteur qui connecte l’ensemble des  espaces de travail.\r\nLes bureaux, très lumineux, sont séquencés par des vues vers les champs et les paysages lointains.\r\n', 0, '2012-10-12 22:00:00'),
('campus-universitaire-cahors', 'Campus universitaire de Cahors', 'REHABILITATION ', 'Le projet de réhabilitation/restructuration de l’IUFM en Campus Universitaire est l’occasion de proposer un équipement rénové adapté aux nouvelles exigences de l’enseignement, un bâtiment résolument tourné vers l’avenir et ouvert sur la ville. Nous avons pris le contre-pied du fonctionnement existant et proposé de\r\nnouvelles orientations.\r\nSuite à un travail de recherche historique sur l’évolution du bâtiment, nous avons proposé de redonner toute son importance à la Cour d’Honneur historique donnant sur l’avenue principale et d’en faire l’entrée principale. Nous identifions ainsi deux cours, la Cour d’Honneur et la Cour Jardin plus végétalisée.\r\n\r\nNous avons accentué la porosité entre ces deux cours au travers de l’aile centrale décloisonnée et\r\ntraversante, rassemblant les espaces communs de l’équipement.\r\nLa façade côté Cour Jardin est ré-inventée par la définition d’une galerie au caractère contemporain, élégante et minimaliste, nouvel accès vers l’établissement. Cette galerie constitue un espace tampon tempéré et protégé des intempéries (pluie et vent) et relie les entrées des deux cours avec les circulations verticales. Une large ouverture est crée dans la façade ouest du hall d’entrée vers la galerie. Cet espace central en forme de T servira de lieu de rencontre et d’exposition pour les étudiants et les professeurs, il se veut un espace convivial. Le foyer des étudiants y est installé au centre car nous souhaitons faire de ce site du Campus Universitaire\r\nun lieu dynamique, d’échanges et de rencontres entre les étudiants. Pour cela, au-delà d’offrir des salles de cours confortables et fonctionnelles, nous pensons que le succès de l’opération réside dans le traitement des espaces de travail et des espaces collectifs hors des cours. Les nouveaux modes de pédagogies évoluant vers un apprentissage individuel, l’université devra être un lieu d’échange, d’intéractivité entre les élèves et avec les professeurs. Les nouveaux espaces que nous proposons doivent s’adapter à cela, c’est pourquoi nous proposons au centre de l’établissement des lieux de nature différentes, des espaces de travail et de réunion plus informels appropriables par les futurs usagers.\r\n\r\nEn terme de réhabilitation, notre partis pris est de respecter au maximum le bâti ancien et de tirer au mieux\r\nparti de son potentiel, c’est pourquoi nous proposons une rénovation, énergétique notamment, respectueuse de l’ouvrage. L’inertie des murs sera conservée et l’isolation renforcée sur les point cruciaux que sont les toitures et menuiseries. Certains murs, notamment au RDC, sont travaillés pour mettre la pierre apparente et les enduits en ciment de façade seront remplacés par des enduits à la chaux.\r\n\r\nIl s’agit d’une esthétique assez franche, faisant ressortir les qualités de ce qui préexiste, tout en les mettant en valeur grâce à un mobilier adapté. Certains ont été réalisés dans la logique de recyclage que nous avons mis en place sur ce projet.\r\n\r\n\r\n\r\n\r\n\r\n\r\n\r\n\r\n\r\n\r\n\r\n\r\n\r\n\r\n\r\n\r\n\r\n\r\n\r\n\r\n\r\n\r\n\r\n\r\n\r\n\r\n\r\n\r\n\r\n\r\n\r\n\r\n\r\n\r\n\r\n\r\n\r\n\r\n\r\n\r\n\r\n\r\n\r\n\r\n\r\n\r\n\r\n\r\n\r\n\r\n\r\n\r\n\r\n\r\n', 1, '2013-08-25 22:00:00'),
('caserne-de-gendarmerie-et-logements-lavelanet', 'Caserne de gendarmerie et de 17 logements à Lavelanet', '', 'Légèrement excentrée par rapport au centre ville de Lavelanet, la nouvelle Gendarmerie bénéficie d’un cadre positivement insolite pour ce type d’équipement, entre ville et paysage. La volonté principale fut d’en faire un symbole fort de l’institution, un lieu de travail agréable et un lieu de vie paisible pour les familles.\r\n\r\nLa parcelle d’implantation du bâtiment est aujourd’hui un champ située par-delà les dernières habitations de la communes. Les typologies d’habitat les plus proches sont composées essentiellement de logements individuels en tissus assez diffus. Le projet en plus de s’adapter à ce contexte rural, doit pouvoir anticiper une urbanisation future des alentours tout en offrant une visibilité suffisante à l’Institution que représente la gendarmerie. Non loin du collège Pasteur et du lycée Jacquard, ce lieu constitue un environnement privilégié pour les logements des familles.\r\n\r\nIl a été conçu un ensemble de bâtiments parfaitement intégrés à leur contexte tout en permettant l’ouverture sur des espaces extérieurs dédiés en relation avec le paysage. C’est dans l’angle Nord de la parcelle que s’implantera le bâtiment de la gendarmerie afin d’optimiser sa visibilité depuis l’espace public.\r\nSous la trame de portique continue, l’édifice se développe selon une ligne brisée, s’adaptant aux exigences du site et du programme.\r\n\r\nD’autre part, les logements sont ensuite positionnés sur les côtés sud de la parcelle. Une voie d’accès commune à la gendarmerie et aux logements vient desservir la cour de service et les stationnements des logements regroupés en plusieurs petits ensembles sur la parcelle. Cela permet à chaque résident de se rendre au plus proche de chez lui tout en étant assez économe en surface de voierie par rapport à un stationnement individuel. Cela permet également de minimiser l’impact visuel de la présence de la voiture par rapport à un grand parking unique. \r\n\r\nLa volonté de ne pas clôturer les espaces privatifs entre les maisons est une formidable opportunité pour créer un ensemble de maisons établies dans la nature. Les maisons, grouper par deux ou trois, permettent d’obtenir une certaine compacité tout en gardant une échelle domestique qui semble la mieux adaptée dans le lieu. Les groupes de maisons s’installent dans un environnement largement arboré, sorte de «bois habité». Le projet est donc imaginé comme un petit quartier dans la forêt. \r\n\r\nLes cheminements piétons y tiennent une place particulièrement importante afin d’être rendus agréables et de favoriser l’échange et les rencontres entre les résidents. Les parcours des parkings jusqu’aux logements ainsi que l’accès à l’entrée du personnel de la gendarmerie se font par ces cheminements. Ils convergent également vers l’espace central avec les jeux pour enfant, sorte de petite placette dans ce nouveau hameau.\r\n', 1, '2015-10-22 22:00:00'),
('complexe-multisports-espalion', 'Complexe couvert multisports d\'Espalion', '', 'La parcelle, en dénivelé vers le nord, est située au cœur d’un contexte paysager remarquable et ponctuée de magnifiques sapins. Partant de ce cadre, nous avons défini les enjeux du projet :\r\n\r\n- INSCRIRE LE BÂTIMENT DANS LE SITE : La silhouette du projet a été minimisée pour maintenir de toute part la vue sur le paysage. Le projet est semi-enterré et très ouvert vers le paysage afin de l’enraciner dans son environnement.\r\n\r\n- LE DÉNIVELÉ COMME PRINCIPE DE PROJET : Il permet d’organiser deux niveaux superposés accessibles de plein pied par l’extérieur, ce qui différencie naturellement l’accès public au RDC haut, côté sud, de l’accès des sportifs, au RDC bas, côté nord.\r\n\r\n- METTRE EN SCÈNE L’ENTRÉE GRÂCE AU DÉJÀ LÀ : Le bâtiment s’exprime sous la forme de 2 entités non alignées et de hauteurs différentes. Le retrait de façade, accentué par un auvent en bois, est un signal qui définit le parvis public. 2 des sapins existants sont préservés afin de participer à cette mise en scène.\r\n\r\n- CRÉER UN BÂTIMENT COMPACT, DESSERVI PAR UNE COLONNE VERTÉBRALE CENTRALE D’ACCÈS ET SERVICES : Le terrain de sport et l’espace de tir, lui-même superposé au dojo, sont compactés et positionnés de part et d’autre d’une entité fonctionnelle de distribution et de services comprenant au niveau du RDC haut l’accès public, la buvette et les services associés et au RDC bas l’accès joueurs, les vestiaires et sanitaires.\r\n\r\n- UN ACCUEIL CONVIVIAL DÉDIÉ AU SPECTACLE SPORTIF : Il est couplé avec la buvette et l’ensemble est à la fois traversant vers le paysage et ouvert sur le terrain de sport situé en contrebas.\r\n\r\n- LE PARCOURS DES SPECTATEURS COMME UNE PROMENADE ORIENTÉE VERS LE PAYSAGE, une galerie d’observation entre l’intérieur et l’extérieur.\r\n\r\n- CRÉER DES CONDITIONS D’UTILISATION IDÉALES POUR LES ESPACES SPORTIFS : La grande salle multisports, rendue traversante entre sud et nord, est baignée de lumière diffuse, pour une pratique sportive confortable et agréable.\r\n\r\n- DES EXTÉRIEURS ET DES ACCÈS QUALIFIÉS : Le terrain de jeux extérieur est en liaison avec le terrain intérieur au nord, et à chaque entrée correspond un parking / aire de livraison dédiés. Des cheminements publics sont aménagés pour mener au parvis d’entrée.\r\n\r\n- UNE MATÉRIALITÉ EXTÉRIEURE SOBRE COMPLÉTÉE PAR UN INTÉRIEUR CHALEUREUX ET CONVIVIAL : Le projet est enveloppé de métal sombre qui évoque les couleurs présentes dans le paysage (l’ardoise des toitures..), et rend le bâtiment neutre. La couleur sombre met l’accent sur l’entrée en bois, ainsi que sur l’intérieur du projet, lumineux et chaleureux, ponctué de touches de bois, notamment par sa structure en lamibois.', 1, '2013-08-25 22:00:00'),
('creche-amouroux', 'Crèche Amouroux, concours d’un centre petite enfance et multi-accueil à Toulouse', '', '« TOUT PETIT JE VOIS GRAND »\r\n\r\nProtéger le petit enfant tout en l’ouvrant au monde, voici notre objectif pour la reconstruction du pôle petite enfance du quartier d’Amouroux.\r\nLe pôle petite enfance s’insère dans un quartier existant marqué par sa morphologie urbaine qui revisite le concept de cité-jardin en proposant sur une stricte trame cardinale un enchaînement de pleins (les espaces privés) et de vides (les espaces publics). Il s’agit pour le projet de réussir à retranscrire l’esprit du quartier: créer des espaces fluides encadrés par des volumes simples ; définir une volumétrie proche des existants, cubique et orthogonale, en continuité avec le langage architectural du quartier. L’ambition est de donner un caractère urbain au projet, nouvelle porte d’entrée du quartier Amouroux. Elle est assurée par deux principes: marquer l’angle par un parvis public et créer un étage partiel affirmant le caractère institutionnel du bâtiment. \r\n\r\nDe ces ambitions nous avons défini un principe architectural, fonctionnel et structurel: les locaux sont distincts en deux types de programmes, les locaux de services et les locaux d’activités, l’organisation intérieure se faisant grâce des blocs servants compacts qui, par leur agencement, permettent de délimiter les espaces ouverts. Les salles d’activité et d’accueil sont donc sans cloisonnements superflus et sans couloir.\r\n\r\nLes blocs fonctionnels sont des éléments porteurs : ils apportent inertie thermique et une isolation acoustique.\r\nL’organisation du bâtiment se définit en bande depuis la rue jusqu’à la cour: services/administration sur rue, puis atrium linéaire et enfin salles d’activités au sud en contact direct avec les cours. \r\n\r\nNous mettons en place un bâtiment compact de manière à pouvoir superposer les fonctions, et les faire communiquer. Au coeur se trouve l’atrium, multi-directionnel et en double hauteur, il concentre l’accès a tous les pôles et fait communiquer rez-de-chaussée et étage. \r\n\r\nLe bâtiment est une volumétrie blanche, volontairement neutre, mais le thème de l’enfance est symbolisé à la fois par l’enveloppe extérieure, évocatrice, ainsi que par des éléments rapportés comme la signalétique ou les jeux. En terme de façade, la répartition programmatique entre les blocs de service et les salles d’activités se lit de la même façon qu’en plan. Les salles d’activités ont des façades vitrées toute hauteur tandis que les blocs servants sont enveloppés d’une tôle perforée laquée blanche. \r\n\r\nL’identité de l’équipement s’inscrit dans le vocabulaire formel du quartier tout en apportant une matérialité évocatrice de la petite enfance et revalorisante au niveau urbain, il s’agit de l’évocation d’un ciel nuageux défini par la position des perforations rondes, plus ou moins denses. Le bâtiment est une «toile» blanche sur laquelle des touches de couleurs sont apportées, que cela soit par le sol intérieur/extérieur, par la signalétique, par les alcôves de rangements et d’assises, par les jeux... L’ambiance créée pour le projet est gaie, chaleureuse, accueillante, elle est adaptée aux enfants et à leur développement, la palette chromatique utilisée étant choisie pour encourager l’éveil des plus petits.\r\n\r\n\r\n\r\n\r\n\r\n\r\n\r\n\r\n\r\n\r\n\r\n\r\n\r\n\r\n\r\n\r\n\r\n\r\n\r\n\r\n\r\n\r\n\r\n', 1, '2012-10-12 22:00:00'),
('easy-houses', 'Easy Houses, habitat individuel locatif à Pissos', '', 'Le terrain est situé dans un village des Landes, à la lisière de la forêt.\r\nIl est actuellement occupé par une maison et une grange en garluche (pierre des Landes noire) ainsi qu’un abri en bois.\r\nLe projet prévoit la réhabilitation des deux maisons existantes ainsi que la construction de six nouvelles maisons en ossature bois, l’ensemble étant destiné à la location.\r\nAfin de créer une harmonie avec le quartier, il n’est pas prévu de clôturer les différentes maisons. Chaque logement sera agencé de manière à disposer d’un espace extérieur propre et isolé visuellement de ses voisins. De nouveaux arbres seront plantés afin de créer un environnement naturel et arboré. \r\nLe terrain sera remodelé grâce à la création de petites buttes de terre visant à générer des limites naturelles entre les maisons et à créer un nouveau paysage. \r\n\r\nLes maisons en bois, aux facettes multiples, s’orientent à chaque fois de manière différente pour cadrer des vues choisies et dégager entre elles des espaces privatifs préservés.\r\nLes matériaux choisis pour les façades seront le bois brut et l’acier rouillé, s’ajoutant à la pierre de garluche des deux maisons existantes. \r\nSur les anciennes maisons, les encadrements de baies seront habillés de cadres en acier rouillé, reprenant ainsi la teinte de la pierre. L’acier sera également utilisé pour les volets extérieurs, aussi bien sur les maisons en pierres que les maisons en bois, afin de trouver une harmonie sur l’ensemble. \r\nLes maisons en ossature bois seront revêtues d’un bardage en voliges de bois brut de sciage disposées verticalement. Les baies seront disposées au nu extérieur des murs et les menuiseries dissimulées derrière le bardage afin d’affirmer la compacité et l’abstraction des volumes.\r\nL’utilisation de matériaux brut, avec des assemblages et des détails soignés, permet de garantir une qualité de prestation tout en maîtrisant les coûts.', 1, '2012-10-12 22:00:00'),
('ecole-bourg-saint-bernard', 'Ecole de Bourg Saint Bernard', 'Construction et rénovation du groupe scolaire de Bourg Saint Bernard', 'VALORISER LES QUALITÉS DU SITE\r\nLe projet propose de traiter l’équipement composé par la mairie et l’école comme un îlot public qui possède 4 faces enserrant un cœur d’îlot protégé.?Chacune des 4 faces de l’îlot possède une fonctionnalité propre adaptée à son usage ainsi qu’au contexte qui lui fait face.?L’extension de l’école, au sud intègre les salles de classes sur 2 niveaux et vient, en terme de gabarit, composer avec la hauteur de la mairie existante et en faire une relecture contemporaine. La volumétrie du projet côté sud-ouest intègre donc l’entrée de l’ALAE, un bâtiment existant à RDC ainsi que l’extension de 2 niveaux superposés à un socle technique existant longeant la rue.\r\n\r\nTIRER PARTI DE L’EXISTANT\r\nAu-delà de la mise en valeur du bâtiment de la mairie et de ses ailes latérales, le projet propose de préserver à l’arrière tout ce qui peut l’être de manière à rendre efficace la restructuration, à savoir : l’organisation formelle des bâtiments autour d’une cour. La réhabilitation ainsi que les extensions complémentaires devront renforcer la nature institutionnelle de l’équipement tout en assurant une continuité et une harmonie de l’ensemble. Le projet s’organise ensuite autour de la cour tel un “collier de perles”, constitué de volumétries bâties et d’ouvertures cadrées vers le paysage, reliées par un préau continu.\r\n\r\nDES ESPACES EXTÉRIEURS FÉDÉRATEURS\r\nLes entre-deux volumétries sont programmés par des espaces extérieurs spécifiques à chaque orientation. Au sud-est, l’espace extérieur correspond à l’entrée de l’école et met en relation le parvis avec la cour. Au sud-ouest, l’interstice entre salle polyvalente et l’extension intègre un espace potager pédagogique en balcon sur l’espace public Au nord-est, la cour se pro- longe au sein d’un théâtre de lecture, qui pourra être utilisé comme espace de lecture extérieur prolongeant la bibliothèque.\r\n\r\nUNE ÉCOLE UNITAIRE ET IDENTIFIABLE\r\nHormis la mairie ainsi que ses ailes latérales, toutes les entités sont enveloppées d’une matérialité identique, en bardage bois vertical, ce qui donne à l’ensemble une écriture harmonieuse et unitaire en matériau biosourcé de ressource locale.?Les ouvertures sont de plusieurs types :?- Des vitrages fixes généreux intégrés dans des cadres en aluminium naturel, qui ponctuent les façades et forment de véritables “tableaux” vers le paysage. Ces vitrages seront protégés du soleil par des stores mobiles à lames horizontales en aluminium.?- Des vitrages de confort ouvrants sur allège, situés à l’arrière des lames verticales de bois du bardage, ce qui permet de les protéger naturellement du soleil. Ils viennent entre autre équiper les ateliers ou les espaces donnant sur la rue nord-est.\r\n\r\n\r\n\r\n\r\n\r\n\r\n\r\n\r\n\r\n\r\n', 1, '2018-02-14 23:00:00'),
('ecole-estia', 'Ecole d\'Ingénieur ESTIA', '', 'UN CAMPUS INNOVANT\r\nAu cœur d’un véritable pôle de compétitivité, l’ESTIA fédère les acteurs de l’économie d’aujourd’hui et de demain autour d’une ambition commune : l’innovation.\r\nLe projet doit être à la hauteur de cette ambition de notamment en s’inscrivant en tant que Campus Innovant.\r\nL’ESTIA est présent sur la Technopôle Izarbel à travers 3 bâtiments distincts. Organisé suivant une logique d’îlot, l’aménagement actuel du technopôle ne permet pas de percevoir l’idée de campus sur l’espace public. L’idée est de créer un espace vert et un cheminement continus pour mettre en relation les différentes entités.\r\n\r\nL’implantation du bâtiment sur la parcelle ainsi que sa forme permettent de dégager un parvis généreux tourné vers la Technopôle. Il s’agit d’offrir un espace libre accessible, qui pourra devenir une vitrine du travail des étudiants et chercheurs. Les halles technique et mixte sont positionnées directement en rez-de-chaussée et bénéficient de larges ouvertures vers le parvis.\r\nL’entrée, largement vitrée, laisse entrevoir en transparence le cœur vivant de l’école et son patio verdoyant.\r\n\r\nANCRAGE LOCAL VISION GLOBALE\r\nLe projet s’installe au sein d’un territoire caractérisé par ses traditions, son économie et son paysage. Son architecture doit prendre en compte ce contexte, s’en inspirer et le retranscrire.\r\nLa volumétrie du bâtiment, grâce à un jeu ingénieux de soulèvement et d’affaissement, vient s’effacer face au grand paysage tout en restant un bâtiment repérable et institutionnel côté parvis. La toiture végétalisée installée sur les pentes de toitures des amphithéâtres formalise cette intention. Cette forme forte détient, dans son écrin de métal, un cocon chaleureux constitué de bois et de verre : il s’agit du patio ouvert. Les façades, contemporaines, ne revendiquent pas un style mais répondent à des fonctions de modularité, transparence, protection solaire, isolation thermique, elles reflètent une certaine universalité.\r\n\r\nL’ARCHITECTURE AU SERVICE DES USAGES\r\nLe projet propose une organisation fonctionnelle claire en forme de U. Les entités programmatiques sont regroupées par niveau. Les circulations sont toutes orientées et prolongées vers le patio, tandis que les salles sont orientées vers l’environnement extérieur.\r\nCette organisation rationnelle vient se superposer un maillage d’espaces informels favorisant la coopération, les rencontres entre les différents acteurs et l’innovation.\r\n\r\nÉQUILIBRE\r\nLa proposition se situe au juste équilibre entre une réponse technique optimale, des dispositifs environnementaux intégrés, une maîtrise de l’enveloppe budgétaire et le meilleur confort pour les usagers.\r\n\r\n\r\n\r\n\r\n\r\n\r\n\r\n\r\n\r\n\r\n\r\n\r\n\r\n\r\n\r\n\r\n', 1, '2018-02-14 23:00:00'),
('ecole-maternelle-castelmaurou', 'Ecole maternelle de Castelmaurou', '6 classes et ALAE', 'ENJEUX\r\nLe projet s’accompagne d’une réflexion urbaine plus globale sur le développement de Castelmaurou. Il est à la jonction entre 3 quartiers: le quartier de Pechacou, le quartier de Tournon et le cœur historique. Les différents quartiers, à part le cœur historique, sont composés d’un tissu urbain peu dense caractérisé par des maisons individuelles. L’enjeu est de créer une nouvelle centralité avec la redéfinition d’un cœur de quartier dédié aux loisirs et aux écoles. Les zones de jeux et espaces verts déjà présents viennent naturellement créer un poumon vert dans le village.\r\nCette thématique sera renforcée dans le projet.\r\n\r\nS’INSCRIRE DANS UN PROJET PAYSAGER GLOBAL\r\nLe site proposé se trouve à l’emplacement d’un terrain de sport rendu plat grâce à un remblai. Ce dernier éloigne l’école du niveau de la rue. Un aménagement paysager permet de connecter la rue à l’école maternelle, elle-même reliée à l’école élémentaire. Le projet urbain permet de se raccrocher à l’existant en facilitant les croisements des usagers.\r\n\r\nUNE ARCHITECTURE ADAPTÉE A L’ENFANCE\r\nUne école maternelle est avant tout la deuxième maison de l’enfant, au sein de laquelle il doit se sentir bien.\r\nL’école propose donc des espaces mesurés, séquencés, discontinus avec de la lumière naturelle dans les circulations, des vues vers l’extérieur mais aussi des espaces plus intériorisés tels que les patios.\r\n\r\nUNE ARCHITECTURE AUX SERVICE DES USAGES\r\nLe volume en forme de L permet une organisation spatiale optimale, avec des circulations courtes, et une répartition programmatique limpide. De plus cette forme rend possible une extension future de l’école.\r\nNotre projet propose une architecture rationnelle, dont la trame et les dispositifs constructifs répétitifs sont adaptés à la création d’extensions et/ou de réorganisations intérieures.\r\n\r\nDES MATÉRIAUX NATURELS ET CHALEUREUX\r\nLa volonté est de créer une dichotomie entre le traitement des façades sur l’espace public et celles côté cours de récréation. Depuis l’espace public il s’agit de façades sobres et simples: un enduit armé de teinte blanche, ainsi qu’un parement brique pour le « socle » sont mis en place. Au sein de l’école les matériaux chaleureux sont privilégiés: du bardage bois pour les zones protégées par une casquette ainsi que du bardage métallique sombre à joint debout en continuité du toit constituent les façades intérieures.\r\n\r\n\r\n\r\n\r\n\r\n\r\n\r\n', 1, '2018-02-14 23:00:00'),
('ecole-maternelle-le-teich', 'Ecole maternelle DELTA, Le Teich', 'Démolition et reconstruction', 'UNE INSTITUTION EN COEUR DE VILLE, UN NOUVEAU SUPPORT DE SOCIABILITÉ\r\nL’école du Delta, située au coeur du centre-ville, complète une concentration d’équipements publics comme la mairie, l’église Saint André ou l’école élémentaire. La nouvelle école, traitée de manière urbaine, s’inscrit dans la géométrie identifiée de ces bâtiments et participe ainsi au dynamisme du Teich.\r\nL’école est ouverte sur la ville. Sa position particulière la donne à voir sur toutes ses faces, chacune traitée avec la même qualité, sans façade arrière. La façade d’entrée vient compléter le fond du parc urbain déjà constitué par l’école élémentaire et l’espace jeunesse.\r\nIl participe ainsi à sa définition et renforce son usage.\r\n\r\nUNE IMAGE FORTE ET ÉVOCATRICE, EN RÉSONANCE AVEC LE PAYSAGE ARCHITECTURAL LOCAL\r\nL’architecture du projet s’inspire des typologies de maisons de pêcheurs environnantes. Nous nous inspirons de l’architecture locale traditionnelle pour développer de projet dans un langage contemporain. La forme de l’école entre dans l’imaginaire de enfants, comme une deuxième maison ou un petit village accueillant où chaque classe peut être clairement identifiée.\r\nLes volumes accueillent les espaces majeurs, locaux pédagogiques, salles d’activités et restaurant. La «nappe» couvre les circulations, les espaces servants ainsi que les espaces extérieurs abrités.\r\n\r\nUNE ÉCOLE DURABLE SOUTENANT LES SAVOIRS-FAIRES ET MATÉRIAUX LOCAUX\r\nLe bois utilisé aussi bien en structure qu’en façade s’inscrit dans une démarche globale. Ce matériau écologique lorsqu’il provient de forêts durables est parfaitement adapté à la typologie du projet. De plus, la préfabrication permet la maîtrise des délais de construction et une intervention future sur la structure facilitée. Pour finir, le bois est un matériau local. Une dynamique autour de la construction en bois est établie au Teich, le projet s’inscrit dans cette lignée afin de former un ensemble cohérent. A l’intérieur, le mobilier est en bois, ce qui donne une atmosphère chaleureuse.\r\n\r\nUNE ÉCOLE POLYVALENTE, FONCTIONNELLE ET ÉVOLUTIVE\r\nLe principe de l’école consiste à optimiser l’implantation sur la parcelle pour générer une cour unitaire la plus grande possible et la mieux exposée. On obtient ainsi un plan compact traité de manière plus découpé dans sa volumétrie. L’école maternelle du Teich répond à des schémas d’organisation différents qui changeront en fonction des temporalités. Le projet propose d’optimiser les surfaces par la mutualisation de certains espaces tout en permettant deux modèles de fonctionnement: d’un côté l’école et de l’autre le périscolaire. Chaque zone sera ainsi clairement identifiée et cloisonnée.\r\n\r\n\r\n\r\n\r\n\r\n\r\n\r\n\r\n\r\n\r\n\r\n\r\n\r\n\r\n\r\n\r\n\r\n\r\n\r\n', 1, '2018-02-14 23:00:00'),
('ehpad-aiguillon', 'EHPAD Aiguillon', '', 'Restructuration et extension d’une maison de retraite à Aiguillon\r\nSitué en plein cœur historique du village, le site de la maison de retraite d’Aiguillon est marqué par différentes interventions architecturales et adaptations réalisées au fil du temps. Le projet de restructuration apporte une réponse globale face à un site éclaté, tout en s’attachant à la question des flux, de l’humain, du confort de vie et du travail.\r\n\r\nLe bâtiment vient tel un ruban continu et au gré des contraintes fonctionnelles, s’accoler à l’existant pour créer des liaisons ou bien s’en détacher pour identifier des espaces extérieurs qualifiés. Le volume bâti, ainsi organisé, dégage au droit de la galerie un jardin pour le PASA, puis en son coeur une terrasse ouverte sur la rue et enfin un patio pour l’unité protégée Alzheimer. Tout en déployant des espaces extérieurs généreux, la compacité du bâtiment est recherchée par la superposition des entités programmatiques. La salle à manger ainsi que le Pôle médical s’installent à l’interface des deux volumes d’hébergement créés.\r\n\r\n\r\nLes variations de hauteurs confèrent à la façade un aspect harmonieux tout en s’adaptant aux contraintes du site. Les façades sont recoupées à l’échelle du bâti mitoyen, grâce à la présence de failles végétales, la terrasse fontaine, du jardin protégé au sud, et d’un filtre végétal.\r\nLa galerie existante est la nouvelle colonne vertébrale de l’établissement, sa position centrale étant une qualité renforcée dans notre projet. Nous lui avons accroché des entités programmatiques dont le fonctionnement est voué à faire vivre les espaces communs tel que le PASA, le salon de coiffure et la nouvelle salle à manger.\r\n\r\nCelle ci est pensée comme un espace multi fonctionnel, très ouvert sur les espaces extérieurs. Deux circulations verticales situées de part et d’autre de la salle à manger, permettent d’accéder aux niveaux supérieurs des deux unités d’hébergements. L’accès à l’unité Alzheimer se fait par une circulation depuis les espaces communs. Le PASA, situé au début de la galerie, est vitré à la fois sur la rue et sur le jardin. Le projet privilégie les ouvertures sur l’extérieur et la lumière naturelle. La ré-humanisation de la maison de retraite passe par une réflexion sur la manière de traiter les circulations horizontales. Elles sont définies comme des espaces clairs et fluides, éclairées naturellement et facilement appropriables par la présence d’alcôves.\r\n\r\nLa chambre, de par sa forme géométrique rationnelle et rectangulaire, est facilement appropriable. L’espace rend possible nombreuses possibilités d’ameublement. il n’y a pas d’espaces perdus. Les salles d’eau sont positionnées en quinconce entre deux chambres, et celles situées côté façade bénéficient de lumière naturelle.\r\n\r\nLa structure porteuse du bâtiment, en façade, rend possible la modularité du bâtiment et son évolution. Le bardage bois, de par son aspect sensoriel, procure une ambiance chaleureuse et humaine à l’extension.', 1, '2016-01-12 23:00:00'),
('ehpad-castelnau', 'EHPAD Castelnau-Riviere-Basse', '', 'UN LIEU DE VIE\r\nNous proposons de définir le projet comme un lieu de vie pour tous favorisant l’appropriation et une grande autonomie des résidents au sein d’un environnement sécurisé. Nous avons à cœur de rendre possible une autre manière de vivre dans les EHPAD, notamment en proposant un bâtiment qui s’éloigne des modèles hospitaliers déshumanisés pour offrir plus de convivialité, en relation constante avec le paysage, les arbres, la lumière naturelle et les saisons.\r\n\r\nVALORISER LES QUALITÉS DU SITE\r\nTout en préservant de la réserve foncière, le bâtiment s’implante côté Route départementale, là où la topographie est la plus plate, et oriente ses espaces de vie vers les espaces boisés situés en périphérie de la parcelle.\r\n\r\nUNE ÉCHELLE DOMESTIQUE\r\nLe bâtiment en lui-même n’est pas monolithique, mais découpé en petits pavillons d’échelle domestique, appropriables, d’un étage sur Rez-de-chaussée uniquement. Les volumétries et les matérialités sont en harmonie avec les bâtiments résidentiels situés à proximité tout en étant résolument contemporains.\r\n\r\nUNE ORGANISATION SPATIALE RASSURANTE\r\nL’EHPAD présente une organisation fonctionnelle facilitant l’orientation des usagers dans le site:\r\nLe bâtiment se définit volumétriquement par son fonctionnement intérieur, à savoir une rue centrale animée, intégrant les espaces communautaires et de soins, à laquelle sont greffés des pavillons intégrant les unités d’hébergements et les services. Le bâtiment d’accueil joue quant à lui un rôle de repère.\r\n\r\nUNE MATÉRIALITÉ PÉRENNE\r\nLes matériaux utilisés évoquent des ambiances reconnaissables pour les résidents, avec des tons chauds et accueillants. Les façades sont en enduit de teinte sable et l’ensemble des menuiseries sont traitées en aluminium anodisé de teinte champagne.\r\n\r\nLes façades du bâtiment sont traitées de deux façons, fonction de l’usage intérieur : elles sont largement transparentes et toute hauteur au niveau de la rue centrale et des espaces collectifs, et sont plus ponctuelles, de type fenêtres, au niveau des chambres et espaces de services, à la recherche d’une plus grande intimité.\r\nLes vues des chambres et le positionnement des lits sont conçus pour être tournés vers le paysage.\r\n', 1, '2018-02-14 23:00:00'),
('ehpad-mugron', 'EHPAD Mugron', '', 'HUMANISATION DE L’EHPAD Restructuration / extension de l’EHPAD Saint Jacques à Mugron \r\nLe projet a pour objectif «d’humaniser» l’ EHPAD. Ce terme est important car il évoque l’état existant de la maison de retraite, qui aujourd’hui, n’offre pas les conditions optimales pour accompagner les personnes âgées dans les dernières années de leurs vies.\r\n\r\nL’accès principal vers le site se fait aujourd’hui au travers d’un cheminement étroit. Cet accès, très fréquenté, se connecte à la fois au parc de la mairie et aux jardins de l’EHPAD. Le projet renforce cet axe en le reconnectant de manière plus évidente à l’entrée.\r\nEn complément du traitement urbain et paysager, un nouveau bâtiment d’accueil est créé pour rapprocher la maison de retraite de l’espace public. Cette extension joue un rôle de signal fort de la présence de l’EHPAD \r\net se voit depuis l’entrée du site. Le bâtiment, en «L», vient ceinturer le jardin de la salle à manger en le requalifiant en tant que patio, nouveau coeur d’établissement.  Il s’agit d’une volumétrie qui reprend les codes esthétiques et volumétriques des bâtiments existants. Le volume de l’étage supérieur vient en débord et fait repère urbain. Ce porche offre une transparence vers le patio. La frontière visuelle entre l’espace public et l’intérieur est volontairement minimisée de manière à ouvrir l’EHPAD sur la ville qui l’entoure. \r\n\r\nLa plupart des espaces de convivialité sont regroupés au coeur du projet, et sont créés ou réorganisés de manière à ce qu’ils puissent profiter de la vue vers le grand paysage. En RDC, la salle à manger existante est agrandie au nord vers la vue. Au R-1, au nord de la salle à manger et en connexion directe avec elle est implanté le salon des résidents, entièrement ouvert vers la vue sur le grand paysage. \r\n\r\nPour l’aile nord du bâtiment existant, nous avons mis en place une rénovation en agrandissant les surfaces intérieures par l’occupation des anciens balcons. L’ensemble de la façade est redéfinie avec une enveloppe thermique continue réalisée en ossature bois préfabriquée, composée de grandes baies vitrées toute hauteur d’étage, à galandage, qui coulissent dans la partie pleine de la façade. La nouvelle façade de l’EHPAD donne une lecture différente du bâtiment, marquée par la présence des lignes continues de balcons en direction du grand paysage, et à son échelle.\r\nUne extension de 22 chambres vient se connecter au noyau central de l’établissement, à l’articulation principale de tous les usages. Pour ces nouvelles chambres, nous avons souhaité définir une organisation efficace entre les salles d’eau et l’espace de la chambre pour être le plus facilement appropriable et laisser de larges possibilités d’ameublement aux résidents. \r\n\r\nL’ensemble du projet a été mené par un fil conducteur en ce qui concerne les dispositifs d’enveloppe proposés. Notre projet privilégie les ouvertures sur l’extérieur. La vision des éléments remarquables du site et des jardins intérieurs permet de se repérer dans l’espace et dans le temps : la vision du grand paysage des coteaux au nord, d’un arbre en fleur dans le jardin du PASA, de la fontaine du patio d’entrée, sont autant de repères spatiaux pour les personnes âgées. \r\n', 1, '2016-01-12 23:00:00'),
('espace-jeunesse-hebergement-cabestany', 'Un espace jeunesse et hébergement collectif municipal à Cabestany', '', 'Le terrain d’implantation du projet se positionne sur l’une des entrées de ville mais le contexte urbain mitoyen est hétéroclite, constitué de rues passantes, de commerces récents à R+1, de maisons individuelles, d’un bassin d’orage, de la face arrière du centre culturel et de son parking. Ce site dommageable à la ville était un délaissé urbain. Le bassin d’orage crée une rupture urbaine marquante. L’ambition du projet est d’attirer les jeunes vers ce nouvel espace qui leur est destiné, afin qu’il puissent se l’approprier. \r\n\r\nCOMPACIFIER POUR CRÉER DES ESPACES EXTÉRIEURS\r\nLe site est une bande de parcelle étroite, il s’agit donc de diminuer la dimension au sol du bâtiment pour créer des espaces extérieurs attractifs. La compacité et l’implantation du volume, en débord sur le bassin, permettent d’aménager les espaces extérieurs, qu’ils soient publics en RDC ou appartenant à l’espace jeunesse sous la forme de terrasses aux vues dégagées. \r\n\r\nUN PROJET EN HARMONIE AVEC SON ENVIRONNEMENT\r\nL’insertion du bâtiment dans le site est subtile: le projet est reconnaissable par sa forme et sa matérialité, sans être trop démonstratif. Son échelle est réduite grâce à l’encastrement du volume dans le terrain et à son imbrication programmatique intérieure. Ainsi le bâtiment se situe à une échelle volumétrique de transition par rapport aux mitoyens.\r\n\r\nUN BATIMENT COMME PIVOT DE PLUSIEURS GÉOMÉTRIES.\r\nIl en résulte une volumétrie à facettes. Le bâtiment est un enroulement à parcourir.\r\n\r\nABSORBER LA DÉCLIVITÉ DU TERRAIN : CRÉATION DE DEMI NIVEAUX.\r\nLe bâtiment profite de la pente du terrain pour s’encastrer dans le sol en créant des demi-niveaux, permettant d’organiser un espace intérieur continu. \r\n\r\n4 ENTITÉS SUPERPOSÉES AUX ACCÈS INDÉPENDANTS\r\nLes entités doivent pouvoir être dissociables et fonctionner à des horaires décalés. Un escalier extérieur permet ainsi d’accéder à des terrasses situées en prolongement de tous les niveaux supérieurs de l’équipement. Déployé sur les 3 demi-niveaux inférieurs, nous avons défini l’espace jeunesse comme un open space recloisonnable. Il s’organise autour d’un atrium, coeur de l’équipement, sur lequel s’ouvrent tous les espaces dédiés aux jeunes. La salle de danse est connectée à l’espace jeunesse par l’atrium, mais peut également être rendue accessible par l’extérieur. L’hébergement collectif est situé aux derniers niveaux et profite de la terrasse du dernier étage avec vue sur le paysage environnant et le coucher du soleil. \r\n\r\nARCHITECTURE REMARQUABLE, ROBUSTE ET PÉRENNE \r\nLe volume est une roche stylisée en béton de teinte claire, située en débord sur le bassin d’orage. Le bâtiment est bâti avec ce seul et même matériau; le béton. Il est décliné en façade, en brises-soleils extérieurs, en parois et en dalles intérieures, ce qui permet de bénéficier d’une très forte inertie. Le traitement des façades est adapté à chaque orientation. Le tout constitue un ensemble homogène grâce au traitement de la surface du béton matriçé reprenant le rythme des brises soleils verticaux. \r\n\r\n\r\n\r\n\r\n\r\n\r\n\r\n\r\n\r\n\r\n\r\n\r\n\r\n\r\n\r\n\r\n\r\n\r\n\r\n\r\n\r\n\r\n\r\n\r\n\r\n\r\n', 1, '2015-01-14 23:00:00'),
('europan-10', 'Europan 10, New Seil Port (Beach)', 'Concours de quartier de logements et d’équipements à Seilh', 'LE DEVELOPPEMENT DURABLE EST UN DEFI URBAIN...\r\nLe processus de « colonisation », thème du concours d’idées, pourrait se définir comme une stratégie d’urbanisation durable: reproduire un modèle de ville idéale en l’adaptant en fonction du contexte. Pour ce projet, nous menons à la fois une réflexion sur le processus d’urbanisation à l’échelle territoriale tout en apportant une réponse contextuelle. A l’échelle territoriale, la Garonne est un élément marquant du paysage. Ce fleuve constitue une frontière entre des espaces urbains et des espaces verts préservés. Confronter la nature à la ville de part et d’autre de la Garonne apparaît comme un mode stratégique de développement territorial. Nous venons densifier en préservant des «poumons verts», connectés aux nouvelles aires urbaines par des jonctions entre les rives. La Garonne devient le support d’un nouveau transport en commun : les «Rio Bus», reliant les points de connexions entre eux et avec Toulouse. \r\n\r\nDE NOUVELLES PRATIQUES TERRITORIALE\r\nLes nouvelles pratiques autour du fleuve peuvent être utilisées à Seilh, en créant un port d’amarrage pour les rio bus. Le nouveau quartier vient au contact du fleuve, le port et ses aménagements représentant le point de rencontre entre ville et nature. Une passerelle urbaine permet des liaisons entre le village et l’espace naturel préservé situé sur l’autre rive.\r\nMICROS PAYSAGES URBAINS AU COEUR DE LA NATURE\r\nDes cellules urbaines viennent s’installer  perpendiculairement à la Garonne. Il s’agit de les connecter entre elles par un maillage piéton. \r\nNous proposons un minimum de voiries pour un maximum d’espaces de vie urbaine à l’image des nervures d’une feuille. Un contraste fort s’installe entre les vastes rues végétales et l’intensité urbaine minérale. \r\n\r\nMASSE CREUSEE : INTENSITE URBAINE ET PERMEABILITE\r\nLes masses créées, comme taillées dans le vif en périphérie, définissent 5 îlots. Les masses sont creusées afin de permettre le passage d’un réseau piéton d’accès aux logements, constitué de l’enchaînement d’espaces multiples supports de vie de quartier.\r\n\r\nLE LOGEMENT AU CENTRE \r\nDu collectif à l’habitat individuel, le logement structure l’espace public. Les espaces extérieurs privatifs sont creusés dans la masse et sont les prolongements des logements, les toits sont habités. Des ‘’pièces bonus multi-usage’’ sont disséminées dans le quartier (commerces, d’ateliers, de bureaux, de cafés, …). Des équipements mixant silos automobile, bâtiments publics (mairie, marché, crèche, hôtel, équipements sportifs) et logements émergent du quartier. Ces 4 ‘’Hybrid park’’ permettent le fonctionnement du quartier et sont des repères dans la ville par leur tour.', 1, '2012-10-12 22:00:00');
INSERT INTO `projects` (`id`, `title`, `summary`, `content`, `published`, `date`) VALUES
('europan-11', 'Europan 11, Largo Flysch ', 'Concours de quartier de logements et d’équipements à Getaria', 'La parcelle d’étude, située sur la partie la plus élevée de la commune de Getaria, bénéficie d’une vue extraordinaire vers la mer et la fameuse «mouse» de Getaria.\r\n\r\nL’architecture de ce projet doit être celle d’une révélation du territoire. Il s’agit de capturer et de mettre en évidence la nature, d’invoquer ses caractéristiques pour construire le projet et magnifier «l’esprit des lieux», leur singularité. De ces terrains rocheux de bords de mer du pays basque ressortent des images de falaises érodées (flyschs), plongeant dans l’océan.  \r\n\r\nCe paysage vernaculaire est la force de ce territoire, son écriture. Il s’agit d’utiliser un phénomène naturel pour créer une érosion du sol artificielle, inspirée des stratifications de pierres: le nouveau quartier de logements de Getaria pourrait utiliser l’érosion du sol afin de créer des masses-habitées et des creux-parcourus. \r\nIl s’agit de concevoir des bâtiments qui appartiennent au paysage autant que le paysage leur appartient. \r\n\r\nLes volumes des logements, tels des mouvements de sol, vont chercher ou s’éloignent du terrain naturel pour construire une nouvelle topographie stratifiée.  Les strates sont les façades des bâtiments, elles plongent visuellement vers la mer, dégageant des vues privilégiées vers l’est et l’ouest. \r\n\r\nLa densité construite est ici synonyme d’habitat intermédiaire dense, où les habitants vivent en collectivité tout en bénéficiant des qualités de l’habitat individuel : espaces extérieurs privés, type patios végétalisés et terrasses, et relation particulière à la terre.  \r\n\r\nDes lieux destinés à des usages collectifs s’installent sur la topographie : places arborées, venelles, escaliers, ruelles escarpées...  L’inflexion des bâtiments permet de capturer les dimensions extrêmes du paysage.', 1, '2012-10-12 22:00:00'),
('generateur-d-activites-anglet', 'Générateur d\'activités dédié à la construction durable, Anglet', '', 'Bâtir un squelette support d’open innovation pour la recherche sur la construction durable, voici l’objectif pour la construction du Générateur d’activités au sein du campus technopolitain des Landes de Juan d’Anglet.\r\n\r\nLe sujet posé était de réaliser un bâtiment support, adapté à la mise en place de technologies innovantes, un bâtiment facilement évolutif et durable par sa simplicité, qui intègre des technologies adéquates, adaptables en fonction des innovations technologiques.\r\n\r\nNous y sommes parvenus en mettant au point des concepts clés pour le projet :\r\n\r\n- Utiliser le contexte paysager des Landes de Juzan pour amorcer la genèse du projet, création d’un bâtiment organisé en terrasses et ouvert vers son environnement avec une terrasse panoramique;\r\n\r\n- Identifier les usages spécifiques du projet - halles techniques servant au test vs/ bureaux - et les mettre en valeur par leur dissociation formelle, les relier par un socle unificateur ou se retrouvent les usages communs;\r\n\r\n- Concevoir une architecture de réseaux en dissociant tous les éléments du bâti pour favoriser leur remplacement futur;\r\n\r\n- Créer un bâtiment support d’expérimentation en mettant en œuvre en façade une structure épaisse en bois, un exosquelette, qui peut facilement accueillir des tests de façades prototype ou qui peut faciliter la démontabilité de l’enveloppe de façade;\r\n\r\n- Permettre la modularité des bureaux en intégrant un second œuvre rapporté facilement modifiable;\r\nFavoriser l’open innovation, en travaillant sur les parcours générateurs de rencontres, les espaces inédits de croisement, un espace traversant et continu dans la «tour» de bureaux qui est organisée en demi-paliers ouverts les uns sur les autres.\r\n\r\nLe générateur d’activités sera démonstratif et exemplaire, un modèle de bâtiment durable dédié à la recherche et au prototypage sous forme d’open innovation, comme un symbole de la 3ème révolution industrielle.\r\nIl offrira à voir ce qu’il est dans ses technologies, ses usages, sa forme et son inscription urbaine : en cela il deviendra exemplaire et unique.', 1, '2013-08-25 22:00:00'),
('groupe-scolaire-malepere', 'Groupe scolaire Malepère', '', 'Le groupe scolaire s’inscrit au sein d’une frange d’équipements publics à l’interface du bois de l’Hers et du futur programme de logements de la ZAC Malepère.\r\n\r\nLA NATURE TRAVERSE L’ECOLE\r\nL’équipement est implanté en longueur entre ces deux éléments constitutifs du quartier, et se compose de cinq volumes distants. Cela permet de préserver des vues traversantes vers le Bois de manière séquencée, réparties sur l’ensemble de l’espace public. Il en résulte une continuité végétale entre l’espace boisé classé et le tissu pavillonnaire. Le groupe scolaire est ainsi traversé par la peupleraie. Les cours de l’équipement deviennent un prolongement naturel du Bois de l’Hers.\r\n\r\nUN BATIMENT INSTITUTIONNEL, LIEU DE RENCONTRES\r\nLes volumes répétitifs composant le groupe scolaire montrent le statut institutionnel du bâtiment. Son enveloppe métallique blanche, volontairement neutre et lumineuse, met élégamment en valeur la nature environnante par un jeu de contrastes. Le soulèvement du volume central, signale l’entrée. Ce porte à faux abrite un parvis, support de rencontres pour les habitants du quartier.\r\n\r\nUNE ORGANISATION RATIONNELLE\r\nL’école s’organise tel un collier de perles. En effet, l’équipement se décompose en 5 entités reliées entre elles grâce à une artère principale intégrant la circulation principale du bâtiment. Cette disposition permet de répartir logiquement la position des sections maternelles et élémentaires ainsi que de leurs cours: la maternelle au sud et l’élémentaire au nord sont articulées par les salles plurivalentes centrales. Le hall est central et en double hauteur, il permet de distribuer facilement l’ensemble des entités.\r\n\r\nENTRE INTIMITE ET EXTRAVERSION\r\nUn jeu subtil de calepinage métallique blanc permet d’insérer des vitrages choisis. Le traitement de la façade se fait de façon intimiste à l’alignement sur rue tandis qu’il devient vitré au niveau des «patios» situés entre deux volumes. La vision directe depuis la rue dans les classes n’est pas permise, on ne laisse voir les activités de l’école qu’à travers le filtre végétal des patios. La circulation qui permet de desservir l’ensemble du bâtiment sera la vitrine du groupe scolaire, visible depuis l’espace public, laissant deviner la vie de l’école.\r\n\r\nAMBIANCE CHALEREUSE ET SAINE\r\nLa structure en bois, laissée visible dans les espaces intérieurs, notamment au niveau des solives du plafond, apporte une chaleur et une dimension plus naturelle aux salles de classe. L’enfant pourra développer un contact privilégié avec la nature, chose rare et précieuse dans un environnement urbain. Les stores extérieurs colorés apportent une touche de gaieté et permettent de protéger ponctuellement les vitrages du soleil direct.\r\n\r\n\r\n\r\n\r\n\r\n', 1, '2018-02-14 23:00:00'),
('groupe-scolaire-villeneuve-tolosane', 'Groupe scolaire à Villeneuve-Tolosane', '', 'Le groupe scolaire s’implante au sein d’une parcelle située à l’entrée de la ZAC Las Fonsès Bois Vieux, de Villeneuve Tolosane, sa façade la plus longue faisant face à la future place du quartier. Côté nord est, la parcelle se trouve en mitoyenneté directe avec le parc du quartier. Le projet doit ainsi devenir la synthèse d’une articulation d’échelles différentes : l’entrée de ville, la place, le parc et les habitations pavillonnaires mitoyenne.\r\n\r\nUNE ORIENTATION BIOCLIMATIQUE QUI INSCRIT LE BÂTIMENT DANS LE TERRITOIRE\r\nLe projet est en majeure partie en rez-de-chaussée avec un étage partiel central, qui fait face à la place. Celui ci est constitué des classes élémentaires, et a été pensé en fonction d’enjeux environnementaux selon une orientation nord/sud.\r\nUn patio vient se positionner au coeur de l’édifice pour éclairer naturellement les circulations.\r\nL’étage en débord créer un porche couvert abritant le parvis de l’école et marquant son entrée. Le volume est un repère dans la ville, affirmant le caractère institutionnel du bâtiment.\r\n\r\nDES COURS SPÉCIFIQUES ADAPTÉES AUX ENFANTS\r\nAu sud de la parcelle se définissent les lieux dédiés aux maternelles ainsi que leur cour. Les bâtiments enserrent la cour, et tous les espaces s’y orientent. Cela en fait lieu contenu, protégé des espaces publics et adapté à l’occupation des plus petits, facile à surveiller et sécurisant. \r\nLa cour des élémentaires se déploie au nord de la parcelle, en connexion directe avec le parc. Celui ci semble ainsi «se prolonger» au sein de la cour. \r\n\r\nFLUIDITÉ DES ESPACES\r\nLe projet propose de créer un ensemble unitaire regroupant des entités spécifiques, qui tout en partageant des espaces en commun, ont chacune des qualités spécifiques, adaptées à leurs occupants. Toutes les entités sont proches et reliées en même temps qu’elles sont possiblement autonomes. Côté maternelles, tous les espaces qui sont en lien avec la cour s’y orientent et s’y connectent. L’entité des élémentaires est marquée par la réalisation d’un patio, qui rend évidentes les liaisons entre l’étage des classes et les espaces récréatifs. Le préau, sous le volume des classes, est très lumineux car il bénéficie de la lumière naturelle du patio. \r\n\r\nMATÉRIALITÉ UNITAIRE ET PÉRENNE\r\nLa matérialité souligne la simplicité des volumes unifiée par l’enveloppe de béton blanc matricé, complétée par des brises soleil en métal blanc qui reprennent le rythme du béton. Des touches de couleurs sont apportées par les détails, par des murs choisis, par la signalétique, par les jeux, par le sol extérieur... Du bois est également employé dans les circulations, cela donnant un aspect chaleureux et accueillant au sein de ces espaces baignés de lumière naturelle.\r\n\r\n\r\n\r\n\r\n\r\n\r\n\r\n\r\n\r\n\r\n\r\n\r\n\r\n', 1, '2016-03-29 22:00:00'),
('halle-multisports-thuir', 'Halle multisports de Thuir', '', 'Le terrain d’implantation du projet, au cœur de Thuir, jouxte la zone urbaine dense existante, et se positionne sur l’une des entrées principales de la ville.\r\n\r\n- CONNECTER LE BÂTIMENT AVEC LA VILLE. Notre proposition d’aménagement urbain consiste à désenclaver le terrain par rapport à la ville. Nous créons une aire de stationnement extérieure et publique sur deux niveaux côté sud de la parcelle. Grâce à cet aménagement et à la topographie du site, le bâtiment se positionne en connexion directe avec le contexte alentour, avec deux accès superposés correspondant aux niveaux du parking. Le hall public du projet se situe au niveau de la ville tandis que l’accès secondaire, destiné aux sportifs, se fait au niveau du parking bas.\r\n\r\n- UN NOUVEAU REPERE URBAIN. La recherche de qualités intérieures pour le bâtiment, par la mise en place de sheds de toiture entre autres, a influencé la définition de la peau des façades intérieures et extérieures, en continuité des pliages de la toiture. L’enveloppe est réalisée tel un origami. La peau se plisse pour aller chercher l’orientation du nord et sa lumière douce et homogène, idéale pour les salles de sport, elle atténue les articulations architecturales, intègre toutes les parties en une seule masse. Les variations de la façade, appréciées lorsque l’on contourne le bâtiment, font du projet un objet identifiable d’entrée de ville. Le matériau d’enveloppe, du métal blanc, apporte une unité à l’ensemble. \r\n\r\n- METTRE EN SCÈNE L’ENTRÉE PRINCIPALE. L’entrée principale du bâtiment se fait au sein d’une grande faille vitrée et lumineuse entaillant le volume. Une passerelle ponctuelle franchit la cour anglaise plantée située devant la façade sud du bâtiment et mène sous le large auvent d’entrée. Cet auvent protège l’intérieur du soleil et devient un signal d’entrée. La couleur utilisée pour l’intérieur du hall, le jaune, crée un appel et invite à rentrer dans le bâtiment.  Le hall est constitué comme un déambulatoire sous une double hauteur, éclairé par la façade vitrée et par le dernier shed du système de toiture. La nuit il illumine l’environnement, éclaire la place urbaine.\r\n\r\n- CRÉER UN BÂTIMENT COMPACT FACILEMENT LISIBLE PAR LA SUPERPOSITION DES FONCTIONS. Le RDC haut du bâtiment comporte l’entrée du public, tandis que le RDC bas organise les accès sportifs et  les accès techniques côté façade nord. Le hall se situe en connexion directe avec les gradins fixes, en balcon sur le terrain de sport. Le niveau inférieur, où se fait l’accès des joueurs comporte tous les espaces dédiés à ces derniers, tels que les vestiaires, les sanitaires et l’infirmerie mais également la grande salle multisports, ses gradins mobiles et tous les espaces techniques. Le bâtiment se positionne en alignement de façade avec la Halle existante mais en est cependant détachée afin d’en préserver son accès à la lumière, et créer un masque pour le confort d’été. Les deux bâtiments rentrent en connexion ponctuelle grâce à une passerelle située au niveau bas.', 1, '2013-08-25 22:00:00'),
('halles-cartoucherie', 'Les Halles de la Cartoucherie', 'Réhabilitation et extension des halles 121 et 128 à la ZAC de la Cartoucherie Toulouse', 'UNE ARCHITECTURE EN MOUVEMENT\r\nRé-habiter les halles 121 et 128 de la Cartoucherie de Toulouse, c’est ré-habiter les dernières traces bâties d’une histoire marquante, qui a vu notamment émerger les premiers instants du travail des femmes, de ces «munitionnettes» qui, par centaines, œuvraient dans ces lieux pendant la première guerre mondiale. Les espaces gardent en mémoire le fourmillement de la vie qui les emplissait alors, et qui ne demande qu’à accueillir de nouveaux usages.\r\n\r\nLA PROGRAMMATION : LA GRANDE RUE\r\nNous souhaitons conserver « l’effet cathédrale » des halles, cette vision de la plus grande dimension longitudinale du bâtiment en un coup d’œil lorsque l’on pénètre dans la grande halle. Le projet s’articulera donc autour d’« une grande rue » fédératrice, d’une nef grandiose dans laquelle on se rencontre, on échange. Le lien de connexion entre tous les programmes.\r\n\r\nRELIER LES CHOSES\r\nCinq domaines, des centaines de personnes aux intérêts et activités multiples, seront rassemblés dans un même lieu, sous un même toit. Il faut dépasser la juxtaposition pour susciter la richesse de l’interaction et des transversalités. « La grande rue » est une histoire de rencontres.?« La grande rue » est le lieu du lien, du tissage, du maillage.\r\n\r\nRÉPARER L’ENVELOPPE\r\nLes halles seront réhabilitées de façon respectueuse afin de préserver leur essence et leur caractère. Les pignons nord sur place seront restaurés conformément à l’existant. La structure en béton sera laissée intacte, visible et non isolée. Les remplissages opaques en façade Est et Ouest peuvent être réalisés en bardage bois + isolation + ossature bois, de façon à pouvoir les préfabriquer et poser rapidement et être facilement réversibles. Les façades est et ouest seront grandement vitrées pour connecter l’équipement au quartier.\r\n\r\nCONSTRUIRE DURABLE\r\nL’évolution de notre société et la criticité des risques pesant sur notre environnement nous obligent à faire évoluer notre façon d’appréhender les bâtiments avec deux objectifs essentiels : pérennité des choses et pérennité des faits.?Pérennité des choses : le bâtiment doit s’inscrire dans un ample cycle de vie dans lequel les préoccupations environnementales liées à son exploitation n’effacent pas celles liées à sa construction et sa destruction.?Pérennité des faits : la performance environnementale exemplaire définie lors de la conception du bâtiment doit perdurer, voire s’améliorer dans le temps, conférant au projet une empreinte écologique minimisée.\r\n\r\n\r\nhttp://halles-cartoucherie.fr/\r\n\r\n\r\n\r\n\r\n', 1, '2018-02-14 23:00:00'),
('hotel-de-ville-aucamville', 'Hôtel de Ville Aucamville', 'Rénovation et extension de l\'hôtel de ville d\'Aucamville', 'UN BÂTIMENT INSTITUTIONNEL\r\nLa rénovation de la Mairie et le regroupement des fonctions permettra à la municipalité d’Aucamville de se doter d’un véritable Hôtel de Ville.?L’extension se doit de renforcer la nature institutionnelle de l’équipement tout en assurant une continuité et une harmonie de l’ensemble. Pour cela nous avons choisi de travailler une composition classique, symétrique, dans le respect des proportions de l’existant, tout en proposant un vocabulaire résolument contemporain. Deux volumes en L viennent enserrer le bâtiment existant en T, créant ainsi deux patios qui permettent de faire boucler les circulations intérieures. L’ancien bâtiment de la Police est prolongé sur l’arrière et crée un décalage pour l’entrée du personnel.\r\n\r\nUNE FAÇADE RÉSOLUMENT CONTEMPORAINE\r\nLa matérialité des nouvelles façades, en lames d’aluminium, s’allie de manière élégante et intemporelle avec la brique du bâtiment existant. La brillance et la préciosité de l’un mit en contraste avec la massivité de l’autre rend intelligible la composition de l’ensemble. Les largeurs variables et les deux teintes différentes des lames d’aluminium amènent un jeu cinétique sur la façade dont les reflets changeront au grès de la journée et des saisons. Ses ouvertures verticales alternant de manière régulière pleins et vides, permet un apport de lumière constant qui s’adapte aux petits bureaux ou aux grandes pièces.\r\n\r\nUN BÂTIMENT ÉVOLUTIF\r\nUn bâtiment durable, c’est avant tout un bâtiment évolutif et modulable qui sait s’adapter aux usages et évoluer avec eux. La création de bâtiments peu épais autour des patios présente l’avantage de travailler sur des façades porteuses avec un système constructif simple et économique. L’absence de murs de refend et de poutres intermédiaires avec des retombées permettent un cloisonnement et recloisonnement libre sur les plateaux.\r\n\r\nDES QUALITÉES D’USAGES PROPICES À L’ÉCHANGE\r\nD’un point de vue fonctionnel, les circulations bouclent autour des patios et la déambulation est fluide entre les services. Cela donne beaucoup de modularité car les pôles se suivent et les bureaux sont ainsi interchangeables. Les pôles sont en continuité les uns avec les autres de part et d’autre des patios, doublant ainsi les possibilités de mutation de bureaux entre pôles.?En apportant de la lumière naturelle dans toutes les circulations, le confort intérieur augmente et les consommations en éclairage artificiel sont réduites. Les patios sont traités comme des îlots de fraicheur plantés très appréciables en été.\r\n\r\n\r\n\r\n\r\n\r\n\r\n\r\n\r\n\r\n\r\n\r\n\r\n\r\n', 1, '2018-02-14 23:00:00'),
('laboratoire-cnrs', 'Bâtiment Laboratoire d\'Hydroécologie', 'Station d\'écologie théorique et expérimentale du CNRS', 'S’INSCRIRE DANS UN PAYSAGE\r\nLe bâtiment se définit comme un volume simple d’emprise rectangulaire avec une toiture à deux pans, parallèle aux bâtiments existants situés à proximité et inscrit dans un gabarit qui fait écho à ces derniers. Il en résulte la création d’une ligne de toiture symbolique de crêtes et de cimes qui rentre en résonance les montagnes, à l’arrière. Ces formes abstraites révèlent la grandeur du paysage qui les entoure.\r\nLa coursive existante est prolongée vers les nouveaux laboratoires, jusqu’au droit de l’entrée du projet. Le traitement du socle et du volume qui s’y superpose est par ailleurs issu d’une réflexion sur l’intégration du projet vis-à-vis du patrimoine construit de la région.\r\n\r\nDES CONTRAINTES D’IMPLANTATIONS GENERATRICES D’UN PARTI ARCHITECTURAL AFFIRME\r\nLe bâtiment se positionne à une distance de 8 mètres des serres existantes au sud-ouest. Cela permet à la fois de ne pas créer de masque solaire pour les serres, de ne pas impacter les réseaux souterrains situés dans l’entre deux, mais également de mettre en valeur une percée visuelle vers les montagnes depuis la zone d’accès du terrain.\r\n\r\nUN FONCTIONNEMENT SIMPLE AU SERVICE DE L’INNOVATION\r\nL’enveloppe du bâtiment en symbolise son fonctionnement: la partie recherches en laboratoires est intégrée à RDC au sein d’un socle minéral, plus opaque et à l’atmosphère contrôlée, tandis que la fonction tertiaire y est superposée à R+1, au sein d’un volume en bois qui regarde la nature qui l’entoure. L’organisation interne des laboratoires est issue d’une réflexion sur le fonctionnement technique de ces espaces. Une galerie à usage technique centrale se positionne au RDC sur toute la longueur du bâtiment. La galerie est accessible par l’extérieur du projet,\r\n\r\nUNE MATERIALITE DURABLE EVOCATRICE D’UN PATRIMOINE EXISTANT\r\nConscients que les laboratoires deviendront une nouvelle vitrine des activités de la Station d’Écologie, une attention particulière est portée à l’image du bâtiment tout autant qu’à sa pérennité et à ses performances thermiques. Le projet se définit en isolation thermique par l’extérieur, ce qui permet de profiter de l’inertie des murs en béton intérieurs qui seront laissés apparents afin de limiter la montée en température durant les journées d’été. Notre projet prévoit une utilisation maximale de matériaux naturels\r\n\r\nUNE REPONSE TECHNIQUE PERFORMANTE\r\nLe process des laboratoires sera assuré par la mise en place d’une CTA spécifique «tout air neuf» permettant un prétraitement de l’air insufflé ainsi que de batteries terminales de traitement pour assurer les conditions climatiques différentes entre chaque laboratoire.\r\n', 1, '2018-02-14 23:00:00'),
('logements-andromede', 'Résidence Green City à Andromède, Toulouse', '', 'Le projet de logements de l’îlot 47B s’implante sur une parcelle à la morphologie irrégulière, avec un angle coupé qui fait office de front de parc.\r\nLa parcelle du projet est bordée sur ses 3 côtés par des voies résidentielles publiques en sens unique, assurant ainsi un contexte apaisé.\r\n\r\nUNE COMPOSITION À L’ÉCHELLE DU QUARTIER\r\nNotre proposition s’inscrit dans la continuité des front bâti voisin que ce soit au niveau du front bâti côté parc que du tissu plus diffus en cœur d’ilot.\r\n\r\nMAXIMISER LES VUES SUR LE PARC\r\nCôté parc, il s’agit de créer un front bâti rythmé, séquencé par des volumétries élégantes, qui rentre en résonance avec la grande échelle du paysage qui lui fait face, tout autant qu’il en profite. La discontinuité des volumétries proposées permet de mettre en valeur une ouverture visuelle depuis le cœur d’îlot vers le parc et inversement, mais également rend possible la multi-orientation des logements tout autant que la mise en place du plus grand nombre de terrasses privatives ouvertes vers le grand paysage.\r\n\r\nUN ÎLOT OUVERT\r\nDes percées visuelles et/ou des passages vers le cœur d’îlot sont créées sur toute la périphérie pour faciliter les accès, dégager les vues, offrir un paysage aéré et des continuités végétales. Ainsi, la végétation de l’îlot participe aussi à la qualité des espaces publics parcourus.\r\nTous les halls d’entrée des collectifs et intermédiaires sont traversant et les maisons bénéficient également toutes d’un double accès : sur rue et sur le cœur d’îlot avec les stationnements.\r\n\r\nSTRATÉGIE DE DÉVOIEMENT, CRÉATION D’UN VERGER\r\nPour la venelle de desserte automobile, nous créons une voie traversante de la rue de la Tramontane vers la rue de l’Autan. Elle permet une desserte efficace des parkings privés des maisons puis du parking collectif depuis le cœur d’îlot, dégageant ainsi un maximum d’espaces verts pour les habitants. Celui-ci sera traité en verger commun.\r\n\r\nSTRATÉGIE DE RÉPARTITION DES TYPOLOGIES\r\nDans la logique de progression d’échelle, nous avons installé les collectifs sur le parc, s’adressant à la grande échelle, les intermédiaires ensuite puis les maisons individuelles au centre de l’îlot.\r\n\r\nSOBRIÉTÉ ET ÉLÉGENCE\r\nLe traitement architectural se veut sobre et élégant, utilisant des techniques de construction éprouvées mais avec un soin particulier apporté aux détails.\r\nNous pensons que le logement ne doit pas être le lieu de la prouesse architecturale, il doit cependant jouer son rôle dans la production de la ville: créer des continuités architecturales mais aussi des accidents, des évènements sur l’espace public, tout cela avec une matérialité qualitative et des espaces étudiés au contact du piéton et au service de l’usager.\r\n', 1, '2018-02-14 23:00:00'),
('logements-cartoucherie', 'Logements Ilot 3.2, Cartoucherie Toulouse', '', 'FABRIQUER UNE IDENTITE DE QUARTIER\r\nLe lot 3.2 de la ZAC de la Cartoucherie est situé à l’interface de situations urbaines très diverses. Il se place comme un espace de transition entre l’échelle basse et patrimoniale de la halle, à valoriser; l’échelle urbaine des opérations de grande hauteur situées au niveau de la place nord et enfin le jardin public au sud.\r\n\r\n\r\nLe projet Factory (https://www.sporting-promotion.fr/programme/factory/)  est issu d’une réflexion sur l’identité du lieu, ancré dans l’histoire de Toulouse et le passé industriel du site. Il est composé de 2 ilots situés de part et d’autre d’une venelle publique et est réalisé en collaboration avec l’agence d’architecture Flint architectes, Oeco étant spécifiquement en charge du lot 3.2b. \r\n\r\n\r\nAu niveau de l’ilot 3.2b, une trame régulière de façade vient structurer les bâtiments. Elle s’adresse à la ville (durabilité, monumentalité et rationalité) autant qu’aux résidents (échelle domestique de la fenêtre et des loggias contenues). Le projet met en place une diversité volumétrique mise en valeur par la dualité des matériaux employés, la brique et le métal sombre. \r\nAinsi, sur l’ensemble de l’îlot, des terrasses métalliques viennent recouper des plots plus hauts en brique modelés de toitures monopentes. L’enchaînement des matérialités et des volumétries permet d’accentuer l’élancement et la verticalité de l’ensemble.\r\n\r\n\r\nCOMPOSER AVEC LES ÉCHELLES DU QUARTIER\r\nL’îlot 3.2b se déploie sur un seul et même niveau de RDC, sans déclivité, c’est l’îlot jardin. Sur la Rue des Halles se positionnent les immeubles collectifs, les plus hauts de l’opération, afin de fabriquer un front de rue qui accompagnera la promenade le long des Halles de la Cartoucherie. Une mise à distance est mise en place entre les collectifs et les logements intermédiaires ou individuels situés à l’arrière de manière à offrir un espace de respiration arboré et végétalisé. Au sud du projet, face au jardin public, des maisons individuelles mitoyennes se positionnent en recul d’alignement, cela permettant de leur attribuer un jardin privatif.\r\n\r\n\r\nLE LOGEMENT AU COEUR DU SUJET\r\nIl s’agit d’offrir au plus grand nombre le plus de luminosité possible, des vues qualitatives vers la Halle, les jardins publics ou vers le cœur d’îlot, ainsi que des orientations multiples. La qualité d’usage des logements des collectifs tient en grande partie aux grandes loggias orientées. Elles constituent de véritables «pièces d’extérieur» autour desquelles les logements s’organisent. Les duplex ou triplex sont de véritables lofts, appropriables par les familles, avec leurs espaces extérieurs généreux de type jardin en RDC ou terrasse en attique.\r\n\r\n\r\n\r\n  \r\n\r\n\r\n  \r\n\r\n\r\n  ', 1, '2018-02-14 23:00:00'),
('logements-commerces-paris', 'Logements collectifs et commerces à Montmartre, Paris', '', 'Notre proposition est guidée par des ambitions fondatrices : participer au renouvellement du tissu urbain parisien, optimiser les parcelles disponibles pour offrir un maximum de logements tout en définissant une qualité architecturale contemporaine équitable pour tous, créer un bâtiment performant, des espaces communs agréables, des commerces attractifs, une matérialité élégante et cohérente vis-à-vis de l’histoire du lieu. \r\n\r\nSitué à l’angle de deux rues au relief accidenté, et le long d’un escalier public qui s’élève vers les flancs de la butte, le projet bénéficie d’une situation exceptionnelle, presque iconographique de l’esprit de Montmartre. Il s’agissait de parvenir à créer la plus grande surface habitable possible dans le respect du gabarit induit par le règlement d’urbanisme et acceptable dans ce secteur sauvegardé de la butte Montmartre. \r\n\r\nEn réponse à l’analyse des documents d’urbanisme, nous construisons un front urbain continu par rapport au bâti ancien existant, mais dans un langage résolument contemporain. Un patio, situé à l’angle nord ouest de la parcelle, est défini d’une part pour participer à la séquence d’entrée dans les communs des logements et d’autre part, pour permettre l’apport de lumière pour les logements traversants entre rue et cour. L’attique, constitué des deux derniers étages, organise des duplex, avec accès direct à des terrasses privatives. L’ensemble de ces dispositifs permet d’orienter tous les séjours au sud ou vers des terrasses généreuses.\r\n\r\nEn ce qui concerne les commerces, l’enjeu était de définir un linéaire de façade maximum en Rez-de-Chaussée, de manière à valoriser ces surfaces au mieux, compte tenu de leur emplacement. Côté sud, la façade commerciale est épaisse et entièrement vitrée, avec la mise en place d’une structure métallique tramée dissimulant des volets. \r\n\r\nCeci permet de créer un porche d’entrée pour le commerce d’angle et des terrasses extérieures pour installer des tables. Le commerce se déploie en mezzanine, ce qui facilite les communications visuelles avec l’escalier public, et permet de capter l’attrait des parisiens et des touristes. \r\n\r\nNous avons ensuite cherché à minimiser l’emprise de l’entrée commune des logements, de manière à la rendre plus discrète. Ainsi le bâtiment se lit comme un ensemble cohérent, mais composé de deux entités marquées visuellement : le soubassement de commerces et les étages de logements. Il s’agissait de reprendre en façade les couleurs et les matériaux du quartier. \r\n\r\nL’enduit blanc est le fond de scène qui valorise la préciosité des cadres de fenêtres métalliques, sombres, dont certains viennent en débord ponctuels de la façade.\r\nLe traitement de la façade est ainsi de facture contem- poraine, tout en restant neutre et humble, le propos n’étant pas de faire un objet démonstratif, mais de magnifier le contexte qui entoure le bâtiment.\r\n\r\n', 1, '2015-01-04 23:00:00'),
('logements-g', 'Logements G, réhabilitation & extension à Labouheyre', '', 'La parcelle, située en centre ville, est occupée par un bâtiment faisant face à la grande place principale, plantée de platanes centenaires. Au rez-de-chaussée se situe le Café des Sports et à l’étage d’anciennes chambres d’hôtel qu’il s’agissait de réhabiliter et transformer en logements locatifs. \r\nLe projet propose de condamner l\'accès par le rez-de-chaussée et de créer un accès indépendant pour les logements depuis la cour qui donne directement sur la rue. Il est proposé de donner à chacun des deux logements un espace extérieur privatif et généreux par lequel se fera l’accès depuis un escalier commun. Ces terrasses constituent également un abri pour deux places de stationnement au rez-de-chaussée.\r\nEn permettant ce processus d’entrée par un extérieur privatif, on se rapproche du modèle d’habitat individuel prédominant dans la région tout en privilégiant la densité et en bénéficiant de la proximité du centre-ville.\r\nCette nouvelle extension sera traitée avec une facture contemporaine affirmée, en rupture avec le bâti existant mais tout en respectant les continuités d’alignement.\r\nUne résille de bois ajouré enveloppe l’ensemble de la structure en métal, donnant un caractère monolithique à cette structure légère et transparente. Cette résille, jouant sur les largeurs et écartements, crée un rythme sur la façade de la rue et procure aux habitants une certaine intimité tout en leur offrant des vues vers l’extérieur. On la retrouve également sur le portail coulissant et la clôture qui en forme le prolongement le long de l’alignement sur rue.\r\nL’ensemble sera entièrement unifié par un traitement épuré blanc qui constituera une base neutre appropriable par les futurs habitants.', 1, '2012-10-12 22:00:00'),
('logements-lombez', 'Logements et commerces Barrière de Lombez, Toulouse', '', 'Le projet est la construction d’un immeuble d’habitation destiné aux étudiants / résidence étudiante.\r\nLa conception du bâtiment permet une évolutivité des types de logements en logements plus grands.\r\n\r\nLe projet se situe Place de Barrière de Lombez au cœur d’un vaste quartier en pleine mutation. Une mutation architecturale, car le quartier a vu émerger depuis une dizaine d’années des immeubles alors qu’il n’était constitué que de pavillons type Toulousaine, autant qu’une mutation urbaine, avec des grands projets tels que l’aménagement de la place des Arènes et les aménagements découlant de l’arrivée du tramway.\r\nL’Avenue de Lombez constitue l’un des axes principaux d’entrée de ville. Néanmoins, son aménagement urbain ne reflète pas ce rôle et cette position privilégiée dans la ville. Dans la logique déjà menée dans le quartier, l’aménagement de la place de Lombez semble aujourd’hui primordial.\r\n\r\nPar ailleurs ce quartier détient une forte demande en logements étudiants car il est bien desservi par les transports en commun et à proximité des universités. La question est de savoir comment va évoluer le quartier.\r\nNotre projet souhaite répondre à une demande et un besoin actuel mais aussi à laisser la porte ouverte pour une demande future...\r\n\r\nLe corps principal de la résidence se déploie en R+8 avec différentes hauteurs de toitures dont la plus haute est à 24m. Notre proposition s’inscrit dans la continuité de l’épannelage des hauteurs visibles le long de l’avenue de Lombez. Il s’agit de fabriquer le vide de la place, de lui donner une identité. La façade de la résidence s’élève donc en R+8 avec un décroché afin de s’adapter aux futurs projets mitoyens.\r\nA l’angle SUD/EST, au niveau R+7 et R+8, sont positionnées les salles communes qui sont en recul par rapport à l’alignement de la façade principale.\r\nCet attique discontinu crée un « évènement » dans le volume et la façade. Le recul des deux derniers niveaux dégage une terrasse agréable au sud, véritable solarium pour les sportifs de la salle de fitness.\r\n\r\nUNE CONCEPTION STRUCTURELLE RATIONNELLE PERMETTANT UNE REVERSIBILITE :\r\nAu-delà de sa matérialité, l’architecture se doit de pouvoir être « recyclée » afin de s’adapter aux changements de population, de mœurs et d’usages. Il s’agit aussi de répondre à une réflexion plus globale sur le devenir de nos villes. L’architecture doit répondre à ce double challenge : s’inscrire dans son temps par des procédés constructifs, des matériaux de plus en plus performants... mais aussi s’inscrire dans la durée par la mise en place de dispositifs structuraux simples, rationnels et des matériaux pérennes et une architecture réversible...\r\n', 1, '2018-02-14 23:00:00'),
('logements-montaudran', 'Logements et commerces, Toulouse Montaudran Aérospace', '', 'L’îlot 07-B est situé au coeur d’un projet urbain ambitieux à l’interface de la Place Centrale et du Parc Sportif de la Nouvelle ZAC Toulouse Montaudran Aérospace. Le projet doit prendre en compte les proximités vis-à-vis des mitoyens et l’orientation vers les paysages de la Piste, de la Place ou des Jardins de la ligne. \r\n\r\nEn réponse à l’implantation du projet urbain, nous avons cherché à accentuer la porosité entre la place et le parc, mais également à créer des perméabilités visuelles vers le coeur d’îlot, de manière à l’ouvrir vers son contexte.  Nous avons travaillé l’implantation des volumétries pour créer des failles parcourables à l’intérieur de la parcelle : un appel vers le coeur d’îlot  arboré côté place et une nouvelle porte d’entrée vers l’opération côté parc. Tous les halls du projet s’orientent vers ce parcours central du coeur d’îlot.  \r\n\r\nEn volumétrie, et de façon à fragmenter les masses, nous définissons une logique d’implantation sous forme de plots : cela permet de réaliser moins d’ombres portées sur les rues mitoyennes, de multi-orienter les logements, et de donner des vues vers le coeur d’îlot.\r\n\r\nDifférentes hauteurs de bâti sont définies, à la recherche d’une diversité volumétrique : 3 plots de logements R+4, R+5 et R+7 complétés par des volumes bas de T4 duplex imbriqués, avec jardins privatifs qui investissent le coeur d’îlot, et au sud, un bâtiment de logements sociaux R+7 et R+5 superposé à un socle commercial. Le décalage du volume R+7 permet d’élargir au maximum la percée visuelle vers le coeur d’îlot vivant, et l’espace vert qu’il comporte. \r\n\r\nLe parking est  semi enterré et ventilé, positionné sous les plots du nord de la parcelle. Cela crée un effet de socle qui, à la fois, marque l’alignement et met à distance visuelle le RDC par rapport à la rue. Les sorties du parking débouchent directement au niveau des halls des logements collectifs, situés aux angles des volumes. Ce sont des porches généreux, où se situent différents usages, dont les espaces de stationnements pour les 2 roues, enveloppés de bois. \r\n\r\nLe système d’enveloppe du projet est rationnel et répété. Une trame régulière est mise en place, provenant du traitement du socle commercial. La façade est marquée par un rythme vertical et béton bilame, et par un remplissage intermédiaire constitué de murs à ossature bois et de vitrages. Ces éléments rapportés pourront être préfabriqués. Les loggias, en  creux par rapport à l’enveloppe pour permettre leur appropriation, sont carénées de bois et superposées pour permettre l’efficacité du système.\r\nLa matérialité est volontairement sobre, chaleureuse, appropriable par les futurs habitants, à la recherche de la simplicité et d’un traitement naturel.  \r\n\r\nLes volumétries déterminées, en plots, permettent de définir de grandes qualités d’orientations pour les logements (d’angle, traversants...). Les loggias sont des «pièces» d’extérieur vers lesquelles les logements s’orientent.', 1, '2016-01-13 23:00:00'),
('logements-pibrac', 'Résidence inter-générationnelle de Pibrac', '', 'Le projet consiste à concevoir une résidence adaptée pour l’accueil de jeunes familles, de seniors et de jeunes actifs souhaitant habiter en cohabitation. Il s’agit de répondre à des demandes réelles de logements. Afin de s’intégrer au sein d’un tissu urbain pavillonnaire tout en créant de la densité, nous avons cherché à regrouper dans plusieurs volumes d’échelle intermédiaire, entre la maison et le collectif, plusieurs appartements. Les volumes sont répartis sur la parcelle de manière à créer des transparences visuelles, des continuités végétales et des espaces communs généreux. L’ensemble est imaginé comme un grand parc arboré au sein duquel sont disséminées les habitations.\r\n\r\n\r\nLe but est de proposer un aménagement respectant l’échelle intimiste du quartier tout en répondant à des besoins de logements actuels. L’architecture des constructions va également dans ce sens-là : se réunir mais dans une salle commune à l’échelle du terrain. Nous avons apporté tout le soin aux proportions et à la vision du quartier à l’échelle de l’être humain. Les volumes sont conçus afin de minimiser leur impact visuel à l’échelle piétonne : en effet les linéaires de façades sont minimisés et interrompus par des pans coupés apportant de la variété bâtie.\r\n\r\n\r\nLe projet se compose de 8 édifices de logements semi-collectifs et de deux annexes qui viennent s’implanter de façon discontinue sur le site afin de libérer le centre de la parcelle.\r\nLes édifices se positionnent selon la pente du terrain afin de respecter le site. Cette déclivité permet d’insérer les parkings en semi-enterré. L’environnement est également pris en compte par la création de plusieurs bâtiments en harmonie avec les maisons situées à proximité. Il y a deux types d’édifices :\r\n1 - deux immeubles contigus composés d’un parking semi-enterré et de logements au RDC haut et au R+1.\r\n2 - des « grandes maisons », semblables à des berlingots, composées de 5 logements en R+1 avec des combles aménagés.\r\n\r\n\r\nCes deux typologies permettent d’apporter de l’hétérogénéité de la même façon qu’au sein du le quartier alentour, où chaque maison est différenciée, que ce soit par sa couleur d’enduit, par sa volumétrie, par ses menuiseries, …\r\n\r\n\r\nChaque logement bénéficie de doubles orientations et d’un espace extérieur de qualité : terrasse, loggia ou jardin. Tous les appartements sont largement ouverts sur le parc et les aménagements paysagers.\r\n', 1, '2018-02-14 23:00:00'),
('lycee-pibrac', 'Lycée BEPOS de Pibrac', '', 'Le projet se situe à la confluence de plusieurs problématiques: un programme fonctionnel, un paysage fort, un environnement urbain en émergence, des exigences environnementales et techniques élevées au stade de la certification en BEPOS. \r\n\r\nLa démarche qui a prévalue à l’implantation des édifices est celle de la meilleure adéquation à la topographie pour éviter des mouvements de terre trop importants et exploiter au maximum le dévers existant. L’orientation des vues principales à l’est et au sud et la volonté d’éclairer naturellement toutes les circulations principales ont guidé les recherches vers une implantation en lanières parallèles aux courbes de niveaux. La nécessité d’inscrire une cour de récréation baignée de lumière et abritée des vents dominants a déterminé la définition de deux édifices parallèles orientés sur un axe nord sud et faisant écran aux balayages des souffles d’air.\r\n\r\nLe lycée déploie de grandes formes horizontales qui dupliquent le dessin des courbes de niveaux et s’organisent sur des hauteurs progressives en accentuant le phénomène de déclivité naturelle du site. Le parvis d’accès orienté est-ouest fait face au rond point et inscrit en perspective une invitation au parcours vers le coeur de l’édifice. \r\n\r\nLe projet s’attache à l’éclairement naturel de tous les espaces de vie ou de circulation et à la mise en place d’un système contrôlable de ventilation naturelle assistée. Nous avons développé un système de brises soleil horizontaux composés de caillebotis métalliques et de lames d’aluminium accrochés sur une structure mixte, bois et métal.  L’édifice proposé est érigé selon le concept des bâtiments passifs qui associe structure béton à inertie forte et isolation par l’extérieur.\r\n\r\nLe plan général affiche plusieurs corps de bâtiments, chacun dédié à des fonctions particulières. \r\nA l’ouest un édifice R+3 accueille tous les locaux d’enseignement.  Au sud, le service de restauration s’inscrit au contact de la cour de récréation et du préau. Au nord-ouest dans le prolongement du parvis un bâtiment regroupe les fonctions d’accueil, de vie scolaire, le foyer, l’administration et les locaux des professeurs.\r\n\r\nDirectement connecté à cet ensemble le CDI s’érige en pont en assurant la liaison avec les locaux d’enseignement. Son aménagement est ouvert et lumineux, propose des vues vers le grand paysage vallonné qui borde le site. Le CDI réalise en sous face le préau qui lie au niveau de la cour les espaces majeurs de desserte et de vie de l’établissement.\r\n', 1, '2015-01-14 23:00:00'),
('maison-de-retraite-aiguillon', '', '', 'Situé en plein cœur historique du village, le site de la maison de retraite d’Aiguillon est marqué par différentes interventions architecturales et adaptations réalisées au fil du temps. Le projet de restructuration apporte une réponse globale face à un site éclaté, tout en s’attachant à la question des flux, de l’humain, du confort de vie et du travail.\r\n\r\nLe bâtiment vient tel un ruban continu et au gré des contraintes fonctionnelles, s’accoler à l’existant pour créer des liaisons ou bien s’en détacher pour identifier des espaces extérieurs qualifiés. Le volume bâti, ainsi organisé, dégage au droit de la galerie un jardin pour le PASA, puis en son coeur une terrasse ouverte sur la rue et enfin un patio pour l’unité protégée Alzheimer. Tout en déployant des espaces extérieurs généreux, la compacité du bâtiment est recherchée par la superposition des entités programmatiques. La salle à manger ainsi que le Pôle médical s’installent à l’interface des deux volumes d’hébergement créés.\r\n\r\nLes variations de hauteurs confèrent à la façade un aspect harmonieux tout en s’adaptant aux contraintes du site. Les façades sont recoupées à l’échelle du bâti mitoyen, grâce à la présence de failles végétales, la terrasse fontaine, du jardin protégé au sud, et d’un filtre végétal.\r\n\r\nLa galerie existante est la nouvelle colonne vertébrale de l’établissement, sa position centrale étant une qualité renforcée dans notre projet. Nous lui avons accroché des entités programmatiques dont le fonctionnement est voué à faire vivre les espaces communs tel que le PASA, le salon de coiffure et la nouvelle salle à manger.\r\n\r\nCelle ci est pensée comme un espace multi fonctionnel, très ouvert sur les espaces extérieurs. Deux circulations verticales situées de part et d’autre de la salle à manger, permettent d’accéder aux niveaux supérieurs des deux unités d’hébergements. L’accès à l’unité Alzheimer se fait par une circulation depuis les espaces communs. Le PASA, situé au début de la galerie, est vitré à la fois sur la rue et sur le jardin. Le projet privilégie les ouvertures sur l’extérieur et la lumière naturelle. La ré-humanisation de la maison de retraite passe par une réflexion sur la manière de traiter les circulations horizontales. Elles sont définies comme des espaces clairs et fluides, éclairées naturellement et facilement appropriables par la présence d’alcôves.\r\n\r\nLa chambre, de par sa forme géométrique rationnelle et rectangulaire, est facilement appropriable. L’espace rend possible nombreuses possibilités d’ameublement. il n’y a pas d’espaces perdus. Les salles d’eau sont positionnées en quinconce entre deux chambres, et celles situées côté façade bénéficient de lumière naturelle.\r\n\r\nLa structure porteuse du bâtiment, en façade, rend possible la modularité du bâtiment et son évolution. Le bardage bois, de par son aspect sensoriel, procure une ambiance chaleureuse et humaine à l’extension.', 0, '2015-10-22 22:00:00'),
('maison-de-sante-escalquens', 'Maison de Santé Escalquens', '', 'Le site d’implantation du bâtiment est une parcelle arborée positionnée le long de l’une des entrées principales du village d’Escalquens, l’Avenue de la Mairie, au sein d’une zone essentiellement pavillonnaire.\r\nLa parcelle sera redivisée pour intégrer un projet d’habitat collectif social en fond de terrain et la partie avant, côté avenue, sera destinée à la maison de santé, qui devra, par sa position et sa volumétrie, faire appel et faciliter son accessibilité.\r\n\r\nAfin de faciliter la compréhension du bâtiment pour les usagers, le premier travail a consisté à positionner le bâti et ses accès pour les rendre évidents. Il a donc été décidé d’implanter les stationnements publics sur la partie avant de la parcelle, qui est le niveau le plus haut du terrain, et que nous utilisons comme niveau de référence : le rez-de-chaussée de la Maison de santé vient s’implanter en continuité directe et de plein pied avec le parking public créé. L’accès des professionnels est situé en bas de parcelle. Il dessert un parking couvert semi enterré et totalement enveloppé par une maille métallique sur ses faces extérieures, ce qui le rend sécurisé et protégé.\r\nLe projet émerge au sein d’un environnement hétéroclite, constitué de pavillons et de nouveaux immeubles de logements collectifs, et il doit ainsi trouver une certaine échelle pour parvenir à s’y raccorder. Par sa proximité et par sa taille, le volume se rattache à l’échelle du bâtiment de logements collectifs situé au nord de la parcelle.\r\n\r\nDans ce contexte, le projet prend l’aspect d’un espace neutre et horizontal d’apparence solide. En complément de la forme, la matérialité nous a permis de trouver une cohérence et une certaine simplicité. Trois matériaux sont ainsi utilisés, avec 3 niveaux d’opacités : brique foraine de teinte claire, métal déployé / laqué et verre. En complément de son aspect extérieur massif et pérenne, à l’intérieur, le bâtiment est ouvert vers trois patios arborés qui offrent intimité et lumière au sein des différents espaces médicaux. Un volume dédié à l’espace privé des professionnel émerge de la construction compacte : il fait repère dans le paysage, et permet d’identifier la fonction publique du bâtiment.\r\n\r\nA l’intérieur, le bâtiment est organisé de manière simple, autour d’une «colonne vertébrale» centrale et linéaire qui dessert l’ensemble des pôles médicaux, et qui est séquencée par les patios et les espaces d’attente. Les espaces sont organisés par pôles, clairement identifiables, et regroupés par entités qui sont liées ou qui fonctionnent ensemble. Structurellement, le bâtiment est pensé pour que les espaces soient modulables.\r\n', 0, '2015-10-22 22:00:00');
INSERT INTO `projects` (`id`, `title`, `summary`, `content`, `published`, `date`) VALUES
('maison-du-golf', 'Maison Du Golf, à Biscarrosse', '', 'Le projet est situé dans un lotissement boisé de pins au coeur du Golf de Biscarrosse, sur un terrain en pente avec une vue privilégiée sur le green.\r\nLa maison, par l’amas de plusieurs volumes superposés, s’adapte au dénivelé naturel du terrain dans un langage contemporain.\r\n\r\nLe volume bas, en maçonnerie et enduit blanc, contient le garage côté rue et la grande suite parentale côté golf. \r\nLe volume haut, en structure et bardage bois, contient l’ensemble des autres chambres et salles-de-bain. Il repose sur le premier volume de manière perpendiculaire, permettant de dégager une terrasse vers le golf. Le bardage est constitué de fines lames de Douglas ajourées permettant de constituer une façade homogène tout en dissimulant des baies sur l’arrière.\r\n\r\nSous le volume en bois, à moitié encastré dans la pente, se situe alors la grande pièce à vivre totalement vitrée sur les côtés Est, Ouest et Sud. Le débord du volume bois au-dessus permet une protection solaire naturelle sur les trois côtés.\r\n\r\nLa pièce à vivre est prolongée à l’Est par une terrasse en béton puis une piscine donnant directement sur l’espace boisé du golf. L’ouverture totale des vitrages Est et Ouest du séjour permet de faire disparaître les limites entre intérieur et extérieur et de profiter ainsi pleinement du cadre exceptionnel.\r\n\r\nUn jardin zen est aménagé au niveau du cheminement de l’entrée protégé de la rue par une succession de jardinières plantées de bambous. Cet aménagement permet ainsi d’intimiser le séjour sans mise en place d’une clôture.\r\n\r\n\r\n', 1, '2013-09-03 22:00:00'),
('maison-e', 'Maison E, à Biscarrosse', '', 'Le projet s’implante dans une zone résidentielle de type pavillonnaire où l’aspect du bâti environnant est assez hétérogène, allant du style 70’s au pavillon récent en passant par la maison d’inspiration basque. Le point commun dans ce tissus pavillonnaire est le type d’implantation au centre de la parcelle, contraint par des règles d’urbanisme strictes.\r\n\r\nLa parcelle du projet est entourée par un chemin de desserte sur ses limites Ouest et Nord  et  par une parcelle sur sa limite Est.\r\nUne maison d’habitation est déjà présente sur le terrain, côté rue, elle sera réhabilitée par les maîtres d’ouvrage puis destinée à la location.  \r\n\r\nLe projet utilise cette maison existante afin de donner de l’intimité par rapport à la rue et de créer une cour  intérieure minérale. Les stationnements sont laissés à l’extérieur. L’accès se fait à pied dans un cheminement resserré entre les murs de clôture et la maison existante, créant ainsi un caractère urbain et donnant toute son importance à l’espace extérieur du coeur de parcelle. La découverte de la maison se fait ainsi de manière progressive. \r\n\r\nLe projet s’implante avec un retrait de 5m obligatoire par rapport au fond de parcelle. Une mitoyenneté est créée côté est. \r\nCette disposition permet à la fois de mettre à distance la maison existante au sud et de profiter pleinement des apports solaires en ayant une relation privilégiée intérieur/extérieur pour les pièces à vivre du RDC. Celles-ci sont prolongées à l’extérieur par des terrasses couvertes (dalle béton et toiles tendues) au sud et à l’ouest donnant sur des espaces extérieurs identifiés en deux zones: une cour minérale en stabilisé au sud et un jardin végétal, autour de la piscine.\r\nLes volumes sont épurés et minimalistes, monochromes.', 1, '2013-09-03 22:00:00'),
('mediateque-lezignan', 'Médiatèque Intercommunale de Lézignan-Corbières', '', 'Le plaisir d’apprendre et de se cultiver est rendu possible au sein d’un environnement adapté comprenant des espaces de rencontres, ouverts vers l’extérieur, mais aussi des espaces de dimension plus intime, où les utilisateurs pourront avoir la possibilité de s’isoler... Pour cela, nous avons utilisé des moyens simples :\r\n\r\n- UN PROJET CONTEXTUEL\r\nIl est issu à la fois du contexte urbain en terme d’implantation, de continuités, de formes et à la fois d’ambitions programmatiques qui lui donnent une identité propre. Le bâtiment s’implante en fond de parcelle, à l’arrière du parking dédié, afin de créer un signal d’entrée de ville et de le positionner en interface avec des entités complémentaires que sont le parc public et la MJC. Ensuite, le projet interprète le parcellaire de lanières bâties dans son organisation spatiale intérieure (création de 2 patios) et dans sa volumétrie. Celle-ci s’adapte au programme qu’elle abrite, avec une double hauteur au niveau de l’accueil et l’administration à l’étage, les deux hauteurs créées permettant d’insérer le bâtiment dans son contexte urbain en R+1. Enfin, le projet rend possible une porosité visuelle entre ville et parc grâce au recul de deux trames bâties côté nord. Ce vide de construction devient le parvis d’entrée du projet et le relie à la MJC.\r\n\r\n- UNE ARCHITECTURE FAMILIÈRE ET UNITAIRE\r\nLa matérialité, massive, unitaire et continue, ancre le bâtiment dans le territoire. Elle contribue à la revalorisation de l’image du quartier. Nous réinterprétons les matériaux locaux en utilisant un béton composé d’agrégats de pierres locales, de teinte très proche des couleurs existantes. La médiathèque s’ouvre visuellement vers l’extérieur par des vues choisies, cadrées d’aluminium sophistiqué, contrastant avec la rugosité du béton afin de définir un aspect général plus précieux. La matérialité est identique pour le sol extérieur et pour les murs, ce qui rend l’ensemble monolithique, facilement repérable.\r\n\r\n- DES AMBIANCES ADAPTÉES AUX USAGES : LE TROISIÈME LIEU \r\nÀ mi-chemin entre sphères domestique et publique, la médiathèque trouvera sa place de lien social pour les usagers par des procédés simples : création d’espaces neutres et ouverts, avec des entités lisibles, définition d’espaces appropriables plus intimes, de niches confortables, extension des espaces intérieurs par des jardins de lecture. Son fonctionnement est ainsi organisé autour de patios, qui ont plusieurs fonctions : séparer les entités du projet tout en préservant des continuités visuelles, apporter des qualités de lumières et d’ouvertures, permettre des pratiques extérieures complémentaires. L’ambiance est reposante et chaleureuse, ponctuée de touches de bois. L’organisation du bâtiment est modulable pour une facilité d’utilisation. La différenciation des espaces est réalisée en partie par les volumes, en simple ou double hauteur, par le traitement de l’éclairage et par le mobilier.', 1, '2013-08-25 22:00:00'),
('mediatheque-atelier-cuisine-monein', 'Médiathèque et atelier de cuisine à Monein ', '', 'Parce qu’il s’agit d’un bâtiment public, son traitement doit être à l’échelle de sa vocation: tout en reprenant les codes esthétiques des maisons de bourg existantes sur la place du village, il doit s’en différencier. Pour se faire, le bâtiment se positionne à l’alignement mais son Rez-de-Chaussée est ponctuellement évidé pour former un porche et une placette d’entrée publique généreuse.\r\n\r\nL’horizontale vitrée de l’étage donne à voir un trait d’union entre les deux mitoyens et met en valeur le « creusement » de la placette d’entrée. Il s’agit d’un événement architectural fort, visible de loin, qui repère le statut de l’équipement au sein de la place.\r\nLe projet se définit autour de la valorisation du patrimoine avec la conservation de la grange existante et la mise en valeur du jardin du cœur de parcelle, visible à travers la médiathèque.\r\n\r\nUne première extension de la grange est réalisée côté rue, sur deux niveaux. Il s’agit d’un bâtiment à l’alignement, creusé au niveau du Rez-de-Chaussée pour former le porche et le parvis d’entrée. Une seconde extension est réalisée côté jardin, prolongée de manière à ne pas déborder en cœur de parcelle et à minimiser l’ombre portée sur les jardins mitoyens.\r\n\r\nL’arche de la grange devient le fond de la placette, ce qui permet de la mettre en valeur et de raccrocher l’équipement à l’esthétique architecturale des autres maisons de la place.\r\nDes toitures en ardoises prolongent les toitures existantes jusqu’au Rez-de-chaussée côté parvis et côté jardin, en créant des doubles hauteurs mettant en relation les deux niveaux de la médiathèque.\r\n\r\nLa médiathèque doit être un espace attractif : l’espace extérieur public est redonné à la ville, il anime la place et donne envie de rentrer au sein de l’équipement.\r\nL’atelier-cuisine est positionné en « proue » du rez-de-chaussée de manière à faire « appel » pour le reste de l’équipement.\r\nLe plan intérieur s’organise de manière libre, limitant les cloisons entre les diverses entités.\r\nLes différents espaces s’organisent autour de l’espace hall d’accueil central. Les doubles hauteurs entre rez-de-chaussée et l’étage sont nombreuses pour assurer des liens visuels.\r\n\r\nL’intérieur du projet est caractérisé par des matériaux atypiques favorisant l’appropriation, tels que le bois, le métal et la pierre conservée, ainsi que par un travail poussé sur l‘éclairage naturel. Il s’agit d’un espace convivial et chaleureux, véritable cocon pour ses usagers. Comme au sein d’une maison, tout y est pensé pour permettre le partage et l’échange. L’espace devient un 3ème lieu, l’on s’y sent chez soi.\r\n', 1, '2016-07-05 22:00:00'),
('musee-budapest', 'Museum of Ethnography, Budapest', 'PROJET FINALISTE', 'Ce projet est issu d’un Concours International qui avait pour objet la création de 5 nouveaux musées au sein du City Parc de la ville de Budapest, en Hongrie. \r\n\r\nLe musée d’ethnographie, objet de notre participation, a une position singulière au sein de l’aménagement global du City Parc, puisqu’il sera situé sur l’un des ses 4 angles, l’angle sud ouest, et sera directement positionné à la rencontre entre le parc et la ville. Le projet va donc chercher a connecter ces deux éléments.\r\n\r\nLe musée est une excavation progressive du sol, tel un soulèvement du parc, qui organise le musée dans sa sous face. Le point culminant à 40m, à l’angle de Dózsa György Street et de Ajtósi Dürer Avenue, forme un signal dans la ville, ce qui attirera le regard des passants, des visiteurs potentiels et des Budapestois. \r\n\r\nDes parcours sont organisés sur la nouvelle topographie, ils mènent comme autant de promenades vers le point culminant du volume, tel un belvédère ouvert sur la ville. \r\n\r\nDans un second temps, le bâtiment, tel une masse pleine, est comme tranché au droit des rues qui le bordent de manière à créer des façades urbaines, à l’échelle de la métropole. \r\n\r\nLe projet profite de sa situation d’angle de parc pour mettre en place un nouvel usage urbain en créant une faille dans le bâtiment correspondant à une porte d’entrée publique à l’échelle du parc. Il s’agit d’une promenade publique sur laquelle vont s’orienter des boutiques liées au musée. \r\nLe soulèvement du parc est réalisé par le nivellement du volume constitué d’une structure tridimensionnelle en acier blanc, globale et rationnelle. La structure est un support modulable pour les œuvres, le projet est un outil à destination de l’exposition de l’art et sa mise en valeur. \r\n\r\nLa clarté des cheminements et de la muséographie est  intrinsèque à la forme du bâtiment. Le bâtiment est une architecture globale et durable inspirée du biomimétisme, il est à l’image d’une termitière. \r\n\r\nIl s’agit d’une excavation du sol, d’une masse (la structure tridimensionnelle) dans laquelle vont être creusés les espaces parcourus, les galeries d’accès et les espaces intérieurs. \r\n\r\nCette organisation est parfaitement visible en façade sud ouest, côté rue, qui montre une tranche creusée dans cette termitière : les escaliers reliant les niveaux sont visibles en façade comme une grande artère qui connecte les vides entre eux. \r\nCette galerie verticale offre des vues inhabituelles vers les toits de Budapest de manière à mieux contempler la ville.\r\n\r\nA l’extérieur, hormis les parcours et terrasses, l’ensemble des toitures sont végétalisées et arborées, afin que le bâtiment soit complètement intégré au sol du parc.\r\n', 1, '2015-01-14 23:00:00'),
('quartier-golf-pont-arn', 'Un nouvel éco-quartier au Golf de Pont de l’Arn', '', 'Le projet est un vaste Eco-Quartier se développant sur 16Ha et constitué de logements mixtes avec des villas seniors, des collectifs, des maisons haut de gamme, des services et commerces, et la réhabilitation d’une ferme en maison d’hôtes. \r\n\r\nLe site de projet, en bordure immédiate du Golf de la Barouge et de la rivière l’Arn, bénéficie de qualités évidentes utiles à la conception du nouveau quartier. Celui-ci se développe sur la topographie existante, en implantant les bâtiments sur les mêmes plateaux altimétriques. Chaque bâti peut alors profiter de l’orientation sud et d’une vue vers le grand paysage qui lui fait face, la Montagne Noire. Les divers programmes s’organisent sur la parcelle de manière à permettre une mixité de fonctions, la diversité sociale et éviter le regroupement par types. Les bâtiments s’organisent par strates correspondant aux terrasses nivelant le terrain. \r\n\r\nTrois strates d’îlots destinés aux seniors sont créées et organisées de la même façon. Les îlots sont recoupés en leur coeur par un mur de soutènement, ce qui permet d’organiser deux types de villas seniors : les maisons à vue et les maisons à cour. Les maisons à vue sont situées sur la partie haute de l’îlot, les maisons à cour en contrebas. Comme leur nom l’indique, les maisons à vue dégagent des vues lointaines vers le grand paysage et les maisons à cour sont organisées de manière plus imbriquée, orientées vers leurs jardins. \r\n\r\nDe grands logements collectifs sont intégrés dans la peupleraie conservée, avec des passerelles d’accès collectifs et des terrasses «dans les arbres».\r\nA l’est, l’interface avec la rue est constituée par une zone de logements collectifs et de bâtiments à RDC de commerces / services facilement accessibles de part et d’autre pour les habitants de Pont de l’Arn ou pour les seniors. En cœur d’opération, la limite entre les habitations et la rue s’effectue par une zone constituée de stationnements et d’annexes à destination de chaque logement. \r\n\r\nLes vingt terrains de villas standing se situent en contrebas du terrain à proximité immédiate du golf de la Barouge, tandis qu’au nord la ferme d’Hauterive est réhabilitée et transformée en gîte.\r\n\r\nCe nouveau quartier s’intègre dans une démarche de Haute Qualité environnementale selon plusieurs moyens. Tout d’abord par le choix des systèmes constructifs : la préfabrication structurelle bois permet une réduction du temps de chantier, mais aussi une optimisation économique. \r\nEnsuite, le choix des matériaux se base sur leur présence à proximité du site de manière à ancrer le nouveau quartier dans son territoire. \r\nEnfin, les bâtiments sont conçus de manière à permettre l’efficacité énergétique. Toutes les volumétries des maisons sont définies avec toiture à une pente recouverte de panneaux solaires orientés plein sud, créant un SHED vitré au nord pour l’apport de lumière neutre au coeur du logement.  \r\n', 1, '2015-01-14 23:00:00'),
('regie-eaux-dax', 'Bureaux et Laboratoires pour la Régie des eaux de Dax', '', 'ENTRE VILLE ET PAYSAGE, LE POSITIONNEMENT D’UNE NOUVELLE LIMITE\r\nLe terrain bénéficie d’une situation particulière, à la fois proche du centre ville et de la zone naturelle du Bois de Boulogne. Le projet, de part son insertion dans le site, matérialise la nouvelle limite entre ces deux entités: la ville et le paysage naturel. Cette ambivalence se retrouve alors jusqu’au cœur du projet.\r\nCôté ville, à l’Est, sera située toute l’activité nécessaire à l’interface avec le pôle de production des boues mitoyen. Côté Paysage, à l’Ouest, le bâtiment trouve des vues lointaines et se positionne comme un volume abstrait flottant sur l’horizon à la manière d’une œuvre de Land Art. Décollé du sol, le projet s’installe sans impacter la topographie naturelle du terrain.\r\nEn arrivant du centre ville par les Allées du bois de Boulogne, le bâtiment se présente comme une limite masquant les grands espaces verts situés à l’ouest. Il se dévoile peu à peu à l’approche de l’entrée jusqu’à percevoir le décollement du sol. Ce n’est qu’en pénétrant à l’intérieur que l’on redécouvre le paysage lointain dans cette faille traversante que constitue le hall d’entrée. Masquer pour mieux révéler, telle est la démarche que nous avons souhaité pour ce processus d’entrée.\r\n\r\nDES CONTRAINTES PHYSIQUES FORTES GENERATRICES D’UN PARTI ARCHITECTURAL AFFIRME\r\nNous avons choisi de développer un bâtiment compact dont l’emprise au sol est réduite à son strict minimum en raison des fondations profondes exigées par le sol composé de remblais. Nous avons ainsi diminué d’environ 35% l’emprise au sol du bâtiment par rapport aux exigences initiales du programme qui demandait une majorité de locaux en rez-de-chaussée.\r\nLe terrain étant situé par ailleurs en zone inondable, la côte du bâtiment devra être relevée au niveau de 9,52m NGF. Pour ne pas remblayer l’ensemble du terrain d’assise, ce qui nous aurait semblé un bouleversement trop important par rapport à l’état existant, nous proposons une intégration plus subtile dans le site: le bâtiment sera posé sur pilotis, décollé du sol, afin de laisser lisible le dénivelé.\r\n\r\nUNE ENVELOPPE EVOCATRICE\r\nL’utilisation du bois est faite dans un but de recherche de performance environnementale tout en utilisant une ressource locale. Les jeux de variations du bardage en façade rappellent ici les ondulations de l’eau et produisent un effet cinétique évocateur de l’élément auquel le bâtiment est dédié: l’eau.', 0, '2013-08-25 22:00:00'),
('residence-ja-tremblay', 'Résidence Jeune Actifs, Trembay-sur-Mauldre', '', 'COMMENT CONSTRUIRE DANS UN ARBORETUM?\r\nLe site, en continuité du campus étudiant et alternant du Tremblay-sur-Mauldre, est constitué actuellement d’un espace paysagé, l’«Arboretum», qui présente des espèces très variées d’arbres et qui possède des vues vers la vallée de Chevreuse.\r\nNous proposons un projet qui densifie la parcelle de manière mesurée, dans la continuité de l’existant et qui préserve à la fois le paysage intérieur et les vues vers le paysage environnant.\r\n\r\nLe projet est recoupé en 5 entités différentes, volontairement dissociées, les entres deux créés entre elles permettant de faire rentrer la nature et la végétation au cœur du projet. La position des bâtiments est pensée de manière à préserver le maximum d’espèces végétales existantes sur la parcelle.\r\n\r\nLa déclivité du terrain permet de minimiser les hauteurs du bâtiment en s’insérant au plus proche du terrain naturel. Ainsi la variation d’intensité construite permet de se raccrocher d’une part au paysage du parc et d’autre part à l’échelle plus basse du campus.\r\nL’organisation en entités volumétriques reliées par des coursives, positionnées dans une trame parallèle au campus, permet d’inscrire le projet dans le même «langage» que le contexte existant.\r\n\r\nL’entrée du bâtiment est insérée au cœur du site et du projet. Le plot central accueille donc l’entrée ainsi que tous les espaces de services dédiés aux résidents et notamment la salle polyvalente. Ce grand espace principal du projet dispose d’une vue à 360°sur le site, totalement vitré, il regarde dans toutes les directions.\r\n\r\nLa position volumétrique des 5 entités permet de ne jamais avoir de vis-à-vis entre les logements, puisque leurs façades ne se font jamais face. Les logements font donc uniquement face au paysage.\r\n\r\n\r\nEn ce qui concerne la matérialité du projet, elle se fond dans le paysage existant afin de le mettre en valeur. La façade est miroitante, elle donne à voir les reflets changeants des saisons. Elle est source de contemplation pour les occupants. Ces façades sont constituées de trois types de panneaux en aluminium, les différentes facettes permettant de marquer une vibration, une texture, qui rend l’architecture inédite et étonnante. Elle devient un mirage dans le paysage.\r\n', 1, '2018-02-14 23:00:00'),
('rivp-paris', 'Logements sociaux pour jeunes actifs et équipement petite enfance, Paris', '', 'Le projet, situé dans le 17ème arrondissement, s’inscrit dans la continuité d’ambitions urbaines instaurées par la ville de Paris : une optimisation des parcelles disponibles pour offrir un maximum de logements, une qualité architecturale contemporaine équitable pour tous, un bâtiment mixte et performant, des espaces communs généreux, une matérialité précieuse générant une plus-value urbaine...\r\n\r\nLe projet répond à un ensemble d’enjeux que nous avons tenté de définir:\r\n- Le site d’implantation est contraint de par ses dimensions (parcelle de 9m de profond par 49 m de large). Le programme, constitué de deux entités distinctes (équipement / résidence sociale), exigeait la mise en place de deux entrées séparées que le projet définit comme 2 failles contextuelles. De manière à optimiser le nombre de logements, la résidence devait se définir avec un niveau ponctuel à R+5. L’enjeu était de parvenir à minimiser l’importance de ce niveau afin d’inscrire le projet dans un épannelage urbain défini par les hauteurs des toitures mitoyennes: une partie du volume reste à R+4 notamment pour insérer une terrasse commune. Ensuite, les volumes disposés à R+5 sont sculptés de manière à intégrer 100 m2 de panneaux solaires sur leur face sud. \r\n\r\n- Le processus de projet est issu de la mise en valeur de l’échelle du logement. Nous avons cherché à organiser un appartement traversant de façade à circulation de manière à ne pas générer de «sas» d’entrée dans les typologies, engendrés par l’organisation des pièces humides. Notre proposition intègre les pièces d’usage du logement au sein d’un «meuble» en bois, décollé du plafond. Ainsi, nous dégageons une largeur utile de 2m devant ce meuble, qui peut être aménagée de diverses façons. Chaque typologie est couplée avec une seconde afin d’utiliser l’emboîtement des pièces humides pour rendre possible l’organisation traversante des pièces à vivre.\r\n\r\n- Nous concevons les parcours comme des lieux d’échanges. Le hall est un porche ouvert, les circulations verticales et paliers sont extérieurs. Les espaces communs dédiés aux habitants sont concentrés au dernier étage de manière à créer un véritable pôle d’échange, support de regroupements conviviaux. La salle de loisir et la laverie ceinturent ainsi une terrasse sur le toit commune à tous les habitants. Lieu de rencontre privilégié, cette terrasse vient en tant que continuité des espaces communs: espace de respiration et de détente, à haute qualité d’usage, belvédère ouvert à vue panoramique vers le ciel et les toits parisiens.\r\n\r\n- En terme de matérialité, il s’agissait de proposer des surfaces vitrées généreuses pour les logements; utiliser la répétition comme plus-value du projet; s’inscrire dans le contexte; proposer un alignement sur rue calme; travailler la vibration de la façade par la superposition des trames et des matériaux, métal, bois et verre. La confrontation des matériaux, du brillant et du rugueux, vient accentuer la préciosité du volume. Il était également intéressant de travailler sur la variation de l’aspect de la façade bois, progressivement argentée, se rapprochant des teintes du métal.', 1, '2013-08-25 22:00:00'),
('sante-escalquens', 'Maison de Sante à Escalquens', '', 'Construction d’une Maison de Santé pluri-professionnelle à Escalquens\r\nLe site d’implantation du bâtiment est une parcelle arborée positionnée le long de l’une des entrées principales du village d’Escalquens, l’Avenue de la Mairie, au sein d’une zone essentiellement pavillonnaire.\r\n\r\nLa parcelle sera redivisée pour intégrer un projet d’habitat collectif social en fond de terrain et la partie avant, côté avenue, sera destinée à la maison de santé, qui devra, par sa position et sa volumétrie, faire appel et faciliter son accessibilité.\r\n\r\nAfin de faciliter la compréhension du bâtiment pour les usagers, le premier travail a consisté à positionner le bâti et ses accès pour les rendre évidents. Il a donc été décidé d’implanter les stationnements publics sur la partie avant de la parcelle, qui est le niveau le plus haut du terrain, et que nous utilisons comme niveau de référence : le rez-de-chaussée de la Maison de santé vient s’implanter en continuité directe et de plein pied avec le parking public créé. L’accès des professionnels est situé en bas de parcelle. Il dessert un parking couvert semi enterré et totalement enveloppé par une maille métallique sur ses faces extérieures, ce qui le rend sécurisé et protégé.\r\n\r\nLe projet émerge au sein d’un environnement hétéroclite, constitué de pavillons et de nouveaux immeubles de logements collectifs, et il doit ainsi trouver une certaine échelle pour parvenir à s’y raccorder. Par sa proximité et par sa taille, le volume se rattache à l’échelle du bâtiment de logements collectifs situé au nord de la parcelle.\r\n\r\nDans ce contexte, le projet prend l’aspect d’un espace neutre et horizontal d’apparence solide. En complément de la forme, la matérialité nous a permis de trouver une cohérence et une certaine simplicité. Trois matériaux sont ainsi utilisés, avec 3 niveaux d’opacités : brique foraine de teinte claire, métal déployé / laqué et verre. En complément de son aspect extérieur massif et pérenne, à l’intérieur, le bâtiment est ouvert vers trois patios arborés qui offrent intimité et lumière au sein des différents espaces médicaux. Un volume dédié à l’espace privé des professionnel émerge de la construction compacte : il fait repère dans le paysage, et permet d’identifier la fonction publique du bâtiment.\r\nA l’intérieur, le bâtiment est organisé de manière simple, autour d’une «colonne vertébrale» centrale et linéaire qui dessert l’ensemble des pôles médicaux, et qui est séquencée par les patios et les espaces d’attente. Les espaces sont organisés par pôles, clairement identifiables, et regroupés par entités qui sont liées ou qui fonctionnent ensemble. Structurellement, le bâtiment est pensé pour que les espaces soient modulables.\r\n', 1, '2016-01-12 23:00:00'),
('siege-conques-marcillac', 'Siège de la Communauté de Communes Conques-Marcillac', '', 'ENTRE VILLE ET PAYSAGE\r\nLe projet de la CCCM est situé à la rencontre de la zone urbaine de Marcillac et d’un paysage de terrasses de vignes des collines de la vallée du Rougier. Le bâtiment répond à l’enjeu d’ouverture et de relations avec l’ensemble des Communautés de Communes en s’installant le long de la limite Sud-Est de la parcelle, en continuité avec les bâtiments de la zone d’activité du Vallon. Le bâtiment vient mettre un terme à la morphologie urbaine sur la route départementale. Côté entrée de ville, une place est créée pour asseoir le statut de l’institution et appelle les citoyens vers les entrées du projet.\r\n\r\nLa parcelle comportant deux altimétries différentes, deux niveaux de rez-de-chaussée superposés sont proposés. Le rez-de-chaussée haut, au niveau de la place intègre les entités publiques tandis que le bas abrite le stationnement.\r\n\r\nLA VOLUMÉTRIE FAIT SIGNE\r\nLe volume du CCCM s’intègre à son territoire, de manière presque mimétique. Comme s’il était issu de sa terre, comme modelé dans le sol du rougier, de ses terrasses et de ses vignes. La couleur du grès rouge, symbolique du territoire, se retrouve en façade grâce au béton banché de couleur rouge.\r\nCôté rue, un volume vertical crée le signal tandis que côté ruisseau, la volumétrie prend la forme de terrasses superposées. Le volume du projet est simple, abstrait et élégant. Toutes les faces sont traitées avec le même soin et marquent l’importance de l’institution.\r\nLe porte à faux côté place, qui intègre la salle des assemblées dans son volume, marque l’entrée publique principale du projet.\r\n\r\nDES FONCTIONS MUTUALISÉES ET INDÉPENDANTES\r\nTout en étant compact et efficace, le bâtiment se compose de trois volumétries spécifiques, qui sont le reflet de l’organisation interne du projet. Le pool C, partie la plus publique prend la forme d’une faille transparente centrale desservant l’ensemble.\r\nLes flux et accès des personnels et du public sont clairement identifiés et séparés. La passerelle centrale, qui relie tous les niveaux, permet de séparer les flux du personnel et du public tout en étant ouverte avec des doubles hauteurs sur 3 niveaux. Elle sera un réel lieu d’échange pour les utilisateurs.\r\n\r\nLa CCCM est un équipement unitaire, lisible et visible, qui par se volumétrie et ses couleurs, se positionne à l’échelle d’un contexte d’entrée de ville et assume sa fonction de repère dans le territoire tout autant qu’une dimension locale, à l’écoute de ses utilisateurs.\r\n', 1, '2018-02-14 23:00:00'),
('smac-raynal', 'S.M.A.C. Raynal, création d’un parc et d’un équipement scène de musiques actuelles à Toulouse', '', 'Le nouveau quartier va être urbanisé selon un système en bande dans la géométrie concentrique de la ville impulsée par le Canal, combinant ainsi un geste fort à l’échelle du territoire et de fines coutures à l’échelle du quartier qui s’est lui-même constitué sur les parcelles maraîchères dont il garde les traces. Ces bandes continues vont créer des liens entre les deux côtés de la voie ferrée et ainsi dissoudre progressivement cette limite. \r\nLe grand parc urbain se développe en longueur dans cette même géométrie. Les bandes sont le support de programmes et aménagements divers. Le parc va franchir les voies ferrées ponctuellement produisant ainsi un effet de soulèvement du sol qui donnera son vocabulaire architectonique à l’ensemble du parc et des éléments qui vont s’y intégrer, notamment la Scène de Musiques Actuelles (SMAC) qui s’installera à l’extrémité du Parc. \r\n\r\nLe bâtiment utilise le vocabulaire architectonique instauré par le parc. De l’extérieur, son horizontalité, son abstraction, le fait d’être fermé et en même temps traversé donnent au bâtiment une présence énigmatique qui introduit un processus de découverte progressive. \r\nLe choix d’un projet enterré se comprend à différents niveaux. Au niveau programmatique,  par la nécessité de construire des espaces introvertis et isolés de l’extérieur. Au niveau urbain, pour l’intégration dans le parc comme cité ci-dessus. \r\nAu niveau thermique pour bénéficier de l’inertie terrestre et ainsi offrir un confort thermique naturel. Au niveau acoustique pour l’isolation phonique vers l’extérieur. Au niveau symbolique pour l’évocation d’un monde souterrain parallèle. \r\nLe bâtiment est donc constitué d’une succession d’espaces souterrains, sorte de galerie où les volumes sculptés font descendre la lumière et à travers lesquels on va pouvoir avoir des cheminements différents selon les programmations ou l’usage que l’on va avoir des lieux. Il n’y a pas d’espaces de circulation à proprement parler mais plutôt des espaces caractérisés par leur volume et leur lumière et chacun potentiellement support à des manifestations musicales.\r\nLe projet se positionne avec ambiguité en continuité et en rupture avec son environnement extérieur. Il crée ainsi son atmosphère propre tout en étant un équipement ouvert et accessible au public.', 0, '2012-10-12 22:00:00');

--
-- Dumping data for table `project_categories`
--

INSERT INTO `project_categories` (`project_id`, `category_id`) VALUES
('bibliotheque-mjc-espace-senior-saint-jean', 'academic'),
('campus-universitaire-cahors', 'academic'),
('creche-amouroux', 'academic'),
('ecole-bourg-saint-bernard', 'academic'),
('ecole-estia', 'academic'),
('ecole-maternelle-castelmaurou', 'academic'),
('ecole-maternelle-le-teich', 'academic'),
('espace-jeunesse-hebergement-cabestany', 'academic'),
('groupe-scolaire-malepere', 'academic'),
('groupe-scolaire-villeneuve-tolosane', 'academic'),
('halles-cartoucherie', 'academic'),
('lycee-pibrac', 'academic'),
('mediatheque-atelier-cuisine-monein', 'academic'),
('bibliotheque-mjc-espace-senior-saint-jean', 'cultural'),
('espace-jeunesse-hebergement-cabestany', 'cultural'),
('halles-cartoucherie', 'cultural'),
('hotel-de-ville-aucamville', 'cultural'),
('mediateque-lezignan', 'cultural'),
('mediatheque-atelier-cuisine-monein', 'cultural'),
('musee-budapest', 'cultural'),
('siege-conques-marcillac', 'cultural'),
('smac-raynal', 'cultural'),
('caserne-de-gendarmerie-et-logements-lavelanet', 'dwelling'),
('easy-houses', 'dwelling'),
('europan-10', 'dwelling'),
('europan-11', 'dwelling'),
('logements-andromede', 'dwelling'),
('logements-cartoucherie', 'dwelling'),
('logements-commerces-paris', 'dwelling'),
('logements-g', 'dwelling'),
('logements-lombez', 'dwelling'),
('logements-montaudran', 'dwelling'),
('logements-pibrac', 'dwelling'),
('maison-du-golf', 'dwelling'),
('maison-e', 'dwelling'),
('quartier-golf-pont-arn', 'dwelling'),
('residence-ja-tremblay', 'dwelling'),
('rivp-paris', 'dwelling'),
('ehpad-aiguillon', 'health'),
('ehpad-castelnau', 'health'),
('ehpad-mugron', 'health'),
('maison-de-retraite-aiguillon', 'health'),
('maison-de-sante-escalquens', 'health'),
('sante-escalquens', 'health'),
('complexe-multisports-espalion', 'sport'),
('halle-multisports-thuir', 'sport'),
('halles-cartoucherie', 'sport'),
('bureaux-l', 'tertiary'),
('bureaux-pgs', 'tertiary'),
('generateur-d-activites-anglet', 'tertiary'),
('laboratoire-cnrs', 'tertiary'),
('regie-eaux-dax', 'tertiary'),
('siege-conques-marcillac', 'tertiary'),
('europan-10', 'urbanism'),
('europan-11', 'urbanism'),
('quartier-golf-pont-arn', 'urbanism');

--
-- Dumping data for table `project_properties`
--

INSERT INTO `project_properties` (`project_id`, `property_id`, `value`) VALUES
('bibliotheque-mjc-espace-senior-saint-jean', 'area', '976 m² SU'),
('bibliotheque-mjc-espace-senior-saint-jean', 'budget', '3 070 000 euros HT'),
('bibliotheque-mjc-espace-senior-saint-jean', 'client', 'Ville de Saint Jean'),
('bibliotheque-mjc-espace-senior-saint-jean', 'co-contractors', 'GRONTMIJ BEFS / SOCONER, EMACOUSTIC, EXIT PAYSAGISTES'),
('bibliotheque-mjc-espace-senior-saint-jean', 'localization', 'Saint-Jean (31)'),
('bibliotheque-mjc-espace-senior-saint-jean', 'program', 'Bibliothèque, Ludothèque, MJC, Espace Jeunes et Espaces seniors'),
('bibliotheque-mjc-espace-senior-saint-jean', 'stage', 'Concours Octobre 2014, Projet non retenu'),
('bibliotheque-mjc-espace-senior-saint-jean', 'year', '2014'),
('bureaux-l', 'area', '276 m2 SHON / 4 330 m² de VRD et aménagements paysagés'),
('bureaux-l', 'budget', '350 000 euros TTC dont 130 000 euros de VRD et aménagements paysagés. Mobilier inclus.'),
('bureaux-l', 'client', 'Privé'),
('bureaux-l', 'localization', 'Liposthey, Landes'),
('bureaux-l', 'program', 'Restructuration d’un domaine agricole avec construction d’un bâtiment de bureaux et d’une aire de stationnement extérieure'),
('bureaux-l', 'stage', 'Etudes 2009 / 2010, Chantier 2011, livrason été 2011'),
('bureaux-l', 'year', '2011'),
('bureaux-pgs', 'area', '1 480 m2 SHON '),
('bureaux-pgs', 'budget', '1 800 000 euros HT'),
('bureaux-pgs', 'client', 'Groupe PGS Beynel'),
('bureaux-pgs', 'co-contractors', 'En collaboration avec l’entreprise CARMO de structure bois'),
('bureaux-pgs', 'localization', 'Salles, Gironde'),
('bureaux-pgs', 'program', 'Construction en conception réalisation d’un siège social pour une entreprise de palettes'),
('bureaux-pgs', 'stage', 'Esquisse'),
('bureaux-pgs', 'year', '2012'),
('campus-universitaire-cahors', 'area', '4000 m2 SHON '),
('campus-universitaire-cahors', 'budget', '4 200 000 euros HT'),
('campus-universitaire-cahors', 'client', 'SYNDICAT MIXTE CADURCIEN: CG46 et Grand Cahors'),
('campus-universitaire-cahors', 'co-contractors', 'CEI / INDDIGO / ALAYRAC, CARCY / EMACOUSTIC'),
('campus-universitaire-cahors', 'localization', 'Cahors, Lot'),
('campus-universitaire-cahors', 'program', 'Réhabilitation de l’IUFM en Campus Universitaire'),
('campus-universitaire-cahors', 'year', 'Livré 2017'),
('caserne-de-gendarmerie-et-logements-lavelanet', 'area', '2 221 m² SU'),
('caserne-de-gendarmerie-et-logements-lavelanet', 'budget', '2 985 000 euros HT'),
('caserne-de-gendarmerie-et-logements-lavelanet', 'client', 'Mairie de Lavelanet'),
('caserne-de-gendarmerie-et-logements-lavelanet', 'co-contractors', 'BETCE / ALAYRAC'),
('caserne-de-gendarmerie-et-logements-lavelanet', 'localization', 'Lavelanet (74)'),
('caserne-de-gendarmerie-et-logements-lavelanet', 'program', 'Construction neuve d’une caserne de gendarmerie et de 17 logements'),
('caserne-de-gendarmerie-et-logements-lavelanet', 'stage', 'Concours Août 2015, Projet non retenu'),
('complexe-multisports-espalion', 'area', '2900 m² SHON + 4000 m² VRD'),
('complexe-multisports-espalion', 'budget', '2 730 000 euros HT'),
('complexe-multisports-espalion', 'client', 'Ville d’Espalion'),
('complexe-multisports-espalion', 'co-contractors', 'BETEREM / EMACOUSTIC'),
('complexe-multisports-espalion', 'localization', 'Espalion, Aveyron'),
('complexe-multisports-espalion', 'program', 'Equipement public couvert multisports, avec terrains intérieurs et extérieurs, dojo, salle de tir, accueil, vestiaires et locaux annexes '),
('complexe-multisports-espalion', 'stage', 'Concours Octobre 2012, Projet non retenu'),
('creche-amouroux', 'area', '900 m² SHON + 900 m² d\'espaces extérieurs paysagés'),
('creche-amouroux', 'budget', '1 750 000 euros HT'),
('creche-amouroux', 'client', 'Ville de Toulouse'),
('creche-amouroux', 'co-contractors', 'V2S ARCHITECTES associés / INGEROP / SIGMA ACOUSTIQUE'),
('creche-amouroux', 'localization', 'Toulouse, Haute Garonne'),
('creche-amouroux', 'program', 'Démolition et Reconstruction du centre petite enfance et multi-accueil du quartier Amouroux à Toulouse + locaux annexes dédiés à la Communauté Urbaine du Grand Toulouse'),
('creche-amouroux', 'year', 'Livré 2015'),
('easy-houses', 'area', '280 m2 SHON'),
('easy-houses', 'budget', '500 000 euros TTC'),
('easy-houses', 'client', 'Privé'),
('easy-houses', 'localization', 'Pissos, Landes'),
('easy-houses', 'program', 'Réalisation de 5 logements individuels locatifs avec réhabilitation de 2 maisons en pierre et construction de 3 maisons en ossature bois à bas coût'),
('easy-houses', 'stage', 'Etudes 2012-2013'),
('easy-houses', 'year', '2012'),
('ecole-bourg-saint-bernard', 'area', '1870 m² SHON'),
('ecole-bourg-saint-bernard', 'budget', '2 300 000 euros HT'),
('ecole-bourg-saint-bernard', 'client', 'Mairie de Bourg Saint Bernard'),
('ecole-bourg-saint-bernard', 'localization', 'Bourg Saint Bernard'),
('ecole-bourg-saint-bernard', 'program', 'Construction et rénovation d\'un groupe scolaire'),
('ecole-bourg-saint-bernard', 'stage', 'Esquisse Juin 2017'),
('ecole-estia', 'area', '4350 m² SHON'),
('ecole-estia', 'budget', '8 190 000 euros HT'),
('ecole-estia', 'client', 'CCI Bayonne Pays Basque'),
('ecole-estia', 'co-contractors', 'VAUMM Arquitectos'),
('ecole-estia', 'localization', 'Technopôle Izarbel à Bidart (64)'),
('ecole-estia', 'program', 'Extension de l\'Ecole d\'Ingénieur ESTIA comprenant des espaces de formation, de recherche et de vie étudiante'),
('ecole-estia', 'stage', 'Concours Décembre 2016'),
('ecole-maternelle-castelmaurou', 'area', '1800 m² SHON'),
('ecole-maternelle-castelmaurou', 'budget', '2 500 000 euros HT'),
('ecole-maternelle-castelmaurou', 'client', 'Commune de Castelmaurou'),
('ecole-maternelle-castelmaurou', 'localization', 'Castelmaurou'),
('ecole-maternelle-castelmaurou', 'program', 'Construction d\'une école maternelle pour un effectif d\'environ 150 enfants'),
('ecole-maternelle-castelmaurou', 'stage', 'Concours janvier 2017'),
('ecole-maternelle-le-teich', 'area', '1600 m²'),
('ecole-maternelle-le-teich', 'budget', '3 500 000 euros HT'),
('ecole-maternelle-le-teich', 'client', 'COBAS'),
('ecole-maternelle-le-teich', 'localization', 'Le Teich (33)'),
('ecole-maternelle-le-teich', 'program', 'Démolition et reconstruction de l\'école maternelle du Delta au Teich; 5 classes pour 150 enfants maximum, un périscolaire autonome de 2 salles et une restauration en liaison froide'),
('ecole-maternelle-le-teich', 'stage', 'Concours Juillet 2016'),
('ehpad-aiguillon', 'area', '3 200 m² SDO'),
('ehpad-aiguillon', 'budget', '5 100 000 euros HT'),
('ehpad-aiguillon', 'client', 'SEM 47'),
('ehpad-aiguillon', 'co-contractors', 'GRONTMIJ BEFS / KAPLAN PAYSAGES / ALAYRAC'),
('ehpad-aiguillon', 'localization', 'Aiguillon (47)'),
('ehpad-aiguillon', 'program', 'Restructuration et extension (66 lits) de l\'EHPAD d\'Aiguillon'),
('ehpad-aiguillon', 'stage', 'Concours Septembre 2015, Projet non retenu'),
('ehpad-castelnau', 'area', '5000 m² SHON'),
('ehpad-castelnau', 'budget', '6 000 000 euros HT'),
('ehpad-castelnau', 'client', 'EHPAD '),
('ehpad-castelnau', 'localization', 'Castelnau-Riviere-Basse (65)'),
('ehpad-castelnau', 'program', 'Construction d\'un EHPAD de 70 lits comprenant un pôle de soins, une unité Alzheimer et des espaces communs'),
('ehpad-castelnau', 'stage', 'Concours Septembre 2016'),
('ehpad-mugron', 'area', 'Rénovation: 1400 m², Extension: 3300 m²'),
('ehpad-mugron', 'budget', '5 789 100 euros HT'),
('ehpad-mugron', 'client', 'Maison de retraite Saint Jacques'),
('ehpad-mugron', 'co-contractors', 'BETCE / KAPLAN PAYSAGES / ALAYRAC / INDDIGO'),
('ehpad-mugron', 'localization', 'Mugron (40)'),
('ehpad-mugron', 'program', 'Restructuration et extension (83 lits) de l\'EHPAD Saint-Jacques de Mugron'),
('ehpad-mugron', 'stage', 'Concours Octobre 2015'),
('espace-jeunesse-hebergement-cabestany', 'area', '1 776 m² SHON'),
('espace-jeunesse-hebergement-cabestany', 'budget', '2 950 000 euros HT'),
('espace-jeunesse-hebergement-cabestany', 'client', 'Ville de Cabestany'),
('espace-jeunesse-hebergement-cabestany', 'co-contractors', 'TPFi bureau d\'étude TCE et économiste'),
('espace-jeunesse-hebergement-cabestany', 'localization', 'Cabestany, Pyrénées-Orientales'),
('espace-jeunesse-hebergement-cabestany', 'program', 'Espace jeunesse, Salle de danse et Hébergement collectif municipal pour la ville de Cabestany. Réalisation des espaes publics extérieurs, mobilier et signalétique'),
('espace-jeunesse-hebergement-cabestany', 'year', 'Livré août 2017'),
('europan-10', 'area', '9,5 Ha'),
('europan-10', 'localization', 'Seilh, Haute Garonne'),
('europan-10', 'program', 'Création d’un quartier mixte de logements et d’équipements publics en extension du village de Seilh, développement du projet en fonction d’un concept urbain, architectural et paysager'),
('europan-10', 'stage', 'Concours'),
('europan-10', 'year', '2009'),
('europan-11', 'area', '28 500 m²'),
('europan-11', 'localization', 'Getaria, Pays Basque Espagnol'),
('europan-11', 'program', 'Création d’un quartier mixte de 117 logements (51 maisons et 10 collectifs) et d’équipements en extension du village de Getaria, création du projet urbain et paysager '),
('europan-11', 'stage', 'Concours d\'idées 2011'),
('generateur-d-activites-anglet', 'area', '1900 m² SHON'),
('generateur-d-activites-anglet', 'budget', '2 800 000 euros HT'),
('generateur-d-activites-anglet', 'client', 'Communauté d’Agglomération Côte Basque Adour '),
('generateur-d-activites-anglet', 'co-contractors', 'TERRELL / CEERCE / SOCONER / ALAYRAC / C.ARGENTY'),
('generateur-d-activites-anglet', 'localization', 'Anglet (64)'),
('generateur-d-activites-anglet', 'program', 'Construction de bureaux et de halles dédiées à l’open innovation sur la construction durable au sein du Campus technopolitain des Landes de Juzan à Anglet'),
('generateur-d-activites-anglet', 'stage', 'Concours 2013, Projet non retenu'),
('groupe-scolaire-malepere', 'area', '4500 m² SDP'),
('groupe-scolaire-malepere', 'budget', '6 700 000 euros HT'),
('groupe-scolaire-malepere', 'client', 'Ville de Toulouse'),
('groupe-scolaire-malepere', 'localization', 'ZAC Malepère, Toulouse'),
('groupe-scolaire-malepere', 'program', 'Création d\'un groupe scolaire constitué de 8 classes maternelles et de 10 classes élémentaires'),
('groupe-scolaire-malepere', 'stage', 'Concours Juin 2016'),
('groupe-scolaire-villeneuve-tolosane', 'area', '3 350 m² SDP'),
('groupe-scolaire-villeneuve-tolosane', 'budget', '6 000 000 euros HT'),
('groupe-scolaire-villeneuve-tolosane', 'client', 'Communes de Villeneuve-Tolosane et de Roques-sur-Garonne'),
('groupe-scolaire-villeneuve-tolosane', 'co-contractors', 'V2S ARCHITECTES associés / OTEIS BEFS / DELOMENIE / SOCONER / SIGMA ACOUSIQUE'),
('groupe-scolaire-villeneuve-tolosane', 'localization', 'ZAC Las Fonsès Bois Vieux'),
('groupe-scolaire-villeneuve-tolosane', 'program', 'Création groupe scolaire primaire au sein de la ZAC Las Fonsès Bois Vieux à destination des enfants de Villeneuve-Tolosane et de Roques-sur-garonne'),
('groupe-scolaire-villeneuve-tolosane', 'stage', 'Concours Mars 2016, Projet non retenu'),
('halle-multisports-thuir', 'area', '2903 m² SHON'),
('halle-multisports-thuir', 'budget', '3 100 000  euros HT'),
('halle-multisports-thuir', 'client', 'Communauté des Communes des Asprès'),
('halle-multisports-thuir', 'co-contractors', 'INGEROP / EMACOUSTIC'),
('halle-multisports-thuir', 'localization', 'Thuir, Pyrénées-Orientales'),
('halle-multisports-thuir', 'program', 'Halle Multisports utilisée ponctuellement pour des évènements culturels, située en contigüité d’un gymnase existant et comprenant un terrain de sport, un hall, des vestiaires et des locaux annexes'),
('halle-multisports-thuir', 'stage', 'Concours Octobre 2012, Projet non retenu'),
('halles-cartoucherie', 'area', '13 000 m² SDP'),
('halles-cartoucherie', 'client', 'SAS du Tiers-Lieux'),
('halles-cartoucherie', 'co-contractors', 'Chloé BODART / construire (architecte mandataire)'),
('halles-cartoucherie', 'localization', 'ZAC de la Cartoucherie à Toulouse, Halles 121 et 128'),
('halles-cartoucherie', 'program', 'Offre diversifiée en programmes; Gastronomie, Sports / Bien-Être, Culture / Evènements / Arts, Auberge de Jeunesse'),
('halles-cartoucherie', 'stage', 'APS'),
('hotel-de-ville-aucamville', 'area', '1328 m² SHON'),
('hotel-de-ville-aucamville', 'budget', '2 300 000 euros HT'),
('hotel-de-ville-aucamville', 'client', 'Mairie d\'Aucamville'),
('hotel-de-ville-aucamville', 'localization', 'Aucamville'),
('hotel-de-ville-aucamville', 'program', 'Rénovation et extension de l\'hôtel de ville'),
('hotel-de-ville-aucamville', 'stage', 'Esquisse Juin 2017'),
('laboratoire-cnrs', 'area', '693 m² SU de laboratoires + 557 m² SU de bureaux'),
('laboratoire-cnrs', 'client', 'CNRS'),
('laboratoire-cnrs', 'localization', 'Moulis (09)'),
('laboratoire-cnrs', 'program', 'Laboratoires d\'hydroécologie et bureaux + espaces de convivialité'),
('laboratoire-cnrs', 'stage', 'Concours Novembre 2016'),
('logements-andromede', 'area', '7854 m² SP'),
('logements-andromede', 'budget', '10 784 755 euros HT'),
('logements-andromede', 'client', 'Green City'),
('logements-andromede', 'localization', 'Ilot 47b, ZAC Andromède à Toulouse'),
('logements-andromede', 'program', 'Construction de 110 logements + 175 places de stationnements'),
('logements-andromede', 'stage', 'APS en cours'),
('logements-cartoucherie', 'area', '13 739 m² SP + 667 m² stationnement'),
('logements-cartoucherie', 'budget', '17 290 000 euros HT'),
('logements-cartoucherie', 'client', 'Sporting Promotion, https://www.sporting-promotion.fr/'),
('logements-cartoucherie', 'co-contractors', 'Flint architectes (Ilot 3.2a)'),
('logements-cartoucherie', 'localization', 'ZAC de la Cartoucherie Toulouse'),
('logements-cartoucherie', 'program', 'Construction de 176 logements'),
('logements-cartoucherie', 'stage', 'DCE en cours'),
('logements-commerces-paris', 'area', '1 133 m2 SHON'),
('logements-commerces-paris', 'budget', '2 600 000 euros HT'),
('logements-commerces-paris', 'client', 'Paris Habitat'),
('logements-commerces-paris', 'localization', 'Paris'),
('logements-commerces-paris', 'program', '14 logements collectifs et 2 commerces'),
('logements-commerces-paris', 'stage', 'Concours Juillet 2014, Projet non retenu'),
('logements-g', 'area', '104 m² SHON + 48 m²  de terrasses'),
('logements-g', 'budget', '135 000 euros TTC'),
('logements-g', 'client', 'Privé'),
('logements-g', 'localization', 'Labouheyre, Landes'),
('logements-g', 'program', 'Réhabilitation d’anciennes chambres d\'hôtel et transformation en deux logements T2 et T3. Création de nouveaux accès, terrasses et stationnement couvert.'),
('logements-g', 'year', 'Livré 2012'),
('logements-lombez', 'area', '3270 m² SDP'),
('logements-lombez', 'budget', '5 000 000 euos HT'),
('logements-lombez', 'client', 'AFC Promotion'),
('logements-lombez', 'localization', '13, 14, 15 Place Barrière de Lombez, Toulouse'),
('logements-lombez', 'program', '126 logements étudiants de type studios, une salle commune, une salle de fitness, un rofftop commun et un restaurant de quartier en rez-de-chaussée. Parking sous-terrain'),
('logements-lombez', 'stage', 'Permis de Construire Juin 2016'),
('logements-montaudran', 'area', '9129 m² SDP'),
('logements-montaudran', 'budget', '9 262 850 euros HT'),
('logements-montaudran', 'client', 'COGEDIM / OPPIDEA'),
('logements-montaudran', 'localization', 'ZAC Toulouse Montaudran Aerospace, LOT 07-B, Secteur Place Centrale'),
('logements-montaudran', 'program', '140 logements mixtes et commerces '),
('logements-montaudran', 'stage', 'Concours 2015, Projet non retenu'),
('logements-pibrac', 'area', '4638 m² SDP'),
('logements-pibrac', 'budget', '5 671 000 euros'),
('logements-pibrac', 'client', 'AFC Promotion'),
('logements-pibrac', 'localization', 'Pibrac'),
('logements-pibrac', 'program', 'Résidence inter-générationnelle constituée de 58 logements'),
('logements-pibrac', 'stage', 'Permis de Construire Juin 2016'),
('lycee-pibrac', 'area', '7 900 m² SU'),
('lycee-pibrac', 'budget', '18 500 000 euros HT'),
('lycee-pibrac', 'client', 'SPL Midi-Pyrénées mandataire de la Région Midi-Pyrénées'),
('lycee-pibrac', 'co-contractors', 'Patrick Arotcharen (architecte mandataire)'),
('lycee-pibrac', 'localization', 'Pibrac'),
('lycee-pibrac', 'program', 'Lycée BEPOS 1500 élèves'),
('lycee-pibrac', 'stage', 'Concours Août 2014, Projet non retenu'),
('maison-de-retraite-aiguillon', 'area', '3 200 m2 SDO'),
('maison-de-retraite-aiguillon', 'budget', '5 100 000 euros HT'),
('maison-de-retraite-aiguillon', 'client', 'SEM 47'),
('maison-de-retraite-aiguillon', 'localization', 'Aiguillon'),
('maison-de-retraite-aiguillon', 'program', 'Maison de retraite'),
('maison-de-retraite-aiguillon', 'stage', 'Concours'),
('maison-de-retraite-aiguillon', 'year', '2015'),
('maison-de-sante-escalquens', 'area', '1 100 m2 SU'),
('maison-de-sante-escalquens', 'budget', '2 100 000 euros HT'),
('maison-de-sante-escalquens', 'client', 'Mairie d’Escalquens'),
('maison-de-sante-escalquens', 'localization', 'Escalquens'),
('maison-de-sante-escalquens', 'program', 'Construction d’une maison de santé pluri-professionnelle'),
('maison-de-sante-escalquens', 'stage', 'Projet arrêté'),
('maison-de-sante-escalquens', 'year', '2014'),
('maison-du-golf', 'area', '277 m² SHON '),
('maison-du-golf', 'budget', '400 000 euros TTC'),
('maison-du-golf', 'client', 'Privé'),
('maison-du-golf', 'localization', 'Biscarosse, Landes'),
('maison-du-golf', 'program', 'Maison individuelle avec piscine '),
('maison-du-golf', 'year', 'Livré Juin 2014'),
('maison-e', 'area', '169 m² SHON '),
('maison-e', 'budget', '240 000 euros TTC'),
('maison-e', 'client', 'Privé'),
('maison-e', 'localization', 'Biscarosse, Landes'),
('maison-e', 'program', 'Maison individuelle avec piscine '),
('maison-e', 'year', 'Livré Juin 2012'),
('mediateque-lezignan', 'area', '1330 m² SHON'),
('mediateque-lezignan', 'budget', '2 525 000 euros HT'),
('mediateque-lezignan', 'client', 'Communauté des Communes de la Région Lézignanaise'),
('mediateque-lezignan', 'co-contractors', 'V2S ARCHITECTES associés / INGEROP / ALAYRAC / EMACOUSTIC'),
('mediateque-lezignan', 'localization', 'Lézignan-Corbières, Aude'),
('mediateque-lezignan', 'program', 'Création d’une Médiathèque intercommunale tête de réseau, d’un parking et d’un parvis d\'accès dédiés'),
('mediateque-lezignan', 'stage', 'Concours Décembre 2012, Projet non retenu'),
('mediatheque-atelier-cuisine-monein', 'area', '500 m² SDP'),
('mediatheque-atelier-cuisine-monein', 'budget', '1 066 000 euros HT '),
('mediatheque-atelier-cuisine-monein', 'client', 'Ville de Monein'),
('mediatheque-atelier-cuisine-monein', 'co-contractors', 'BEFS / TPMO'),
('mediatheque-atelier-cuisine-monein', 'localization', 'Monein, Pyrénées-Atlantiques'),
('mediatheque-atelier-cuisine-monein', 'program', 'Création bâtiment public regroupant une médiathèque et un atelier de cuisine'),
('mediatheque-atelier-cuisine-monein', 'stage', 'ACT en cours, livraison prévue 2018'),
('musee-budapest', 'area', '20 500 m² SU'),
('musee-budapest', 'budget', '70 000 000 euros HT'),
('musee-budapest', 'client', 'LIGET BUDAPEST'),
('musee-budapest', 'localization', 'Budapest, Hongrie'),
('musee-budapest', 'program', 'Concours international pour le musée d’ethnographie du Parc de Budapest, Projet finaliste'),
('musee-budapest', 'stage', 'Concours Novembre 2014'),
('quartier-golf-pont-arn', 'area', '16 000 m² SHON'),
('quartier-golf-pont-arn', 'budget', '35 000 000 euros HT'),
('quartier-golf-pont-arn', 'client', 'Promotion privée '),
('quartier-golf-pont-arn', 'localization', 'Pont de l\'Arn'),
('quartier-golf-pont-arn', 'program', 'Résidence Séniors, Logements collectifs, Villas haut de gamme et Services'),
('quartier-golf-pont-arn', 'stage', 'Etudes'),
('quartier-golf-pont-arn', 'year', '2013'),
('regie-eaux-dax', 'area', '1340 m2 SHON'),
('regie-eaux-dax', 'budget', '2 460 000 euros HT'),
('regie-eaux-dax', 'client', 'Ville de Dax '),
('regie-eaux-dax', 'localization', 'Dax, Landes'),
('regie-eaux-dax', 'program', 'Construction des nouveaux locaux de la Régie Municipale des Eaux de Dax regroupant les services administratifs, le bureau d’études, le laboratoire municipal ainsi qu’une salle de conférences'),
('regie-eaux-dax', 'stage', 'Concours'),
('regie-eaux-dax', 'year', '2012'),
('residence-ja-tremblay', 'area', '7000 m² SHON'),
('residence-ja-tremblay', 'budget', '9 700 000 euros HT'),
('residence-ja-tremblay', 'client', 'OSICA'),
('residence-ja-tremblay', 'co-contractors', 'Besson + Carrier Architecture'),
('residence-ja-tremblay', 'localization', 'Tremblay-sur-Mauldre (78)'),
('residence-ja-tremblay', 'program', 'Consultation pour la construction d\'une résidence sociale de 214 logements pour l\'hébergement d\'apprentis'),
('residence-ja-tremblay', 'stage', 'Consultation Mai 2016'),
('rivp-paris', 'area', '2370 m² SHON'),
('rivp-paris', 'budget', '4 585 000 euros HT'),
('rivp-paris', 'client', 'Régie Immobilière de la Ville de Paris'),
('rivp-paris', 'localization', '17ème arrondissement de Paris'),
('rivp-paris', 'program', 'Résidence sociale de 53 studios et services communs pour jeunes actifs, équipement petite enfance '),
('rivp-paris', 'stage', 'Concours 2013, Projet non retenu'),
('rivp-paris', 'year', '2013'),
('sante-escalquens', 'area', '1100 m² SU'),
('sante-escalquens', 'budget', '2 100 000 euros HT'),
('sante-escalquens', 'client', 'Mairie d’Escalquens'),
('sante-escalquens', 'co-contractors', 'BETCE / ALAYRAC'),
('sante-escalquens', 'localization', 'Escalquens (31)'),
('sante-escalquens', 'program', 'Construction d\'une maison de santé pluri-professionnelle'),
('sante-escalquens', 'stage', 'Concours Gagné en 2015, étude APS à PRO, Projet Annulé'),
('siege-conques-marcillac', 'area', '1500 m²'),
('siege-conques-marcillac', 'budget', '2 440 000 euros HT'),
('siege-conques-marcillac', 'client', 'Communauté de Communes Conques-Marcillac'),
('siege-conques-marcillac', 'localization', 'Marcillac-Vallon (12)'),
('siege-conques-marcillac', 'program', 'Réalisation d\'un équipement neuf abritant le siège de la communauté de communes de Conques-Marcillac'),
('siege-conques-marcillac', 'stage', 'Concours Juillet 2016'),
('smac-raynal', 'area', '30 000 m2'),
('smac-raynal', 'localization', 'Toulouse, Haute Garonne'),
('smac-raynal', 'program', 'Projet urbain de quartier mixte logement/activité sur un site de friches ferroviaires dans le centre ville de Toulouse. Projet de parc public et équipement culturel.'),
('smac-raynal', 'stage', 'Esquisse'),
('smac-raynal', 'year', '2008');

--
-- Dumping data for table `properties`
--

INSERT INTO `properties` (`id`, `order`, `name`) VALUES
('area', 6, 'Surface'),
('budget', 5, 'Budget'),
('client', 4, 'Client'),
('co-contractors', 8, 'Cotraitants'),
('localization', 2, 'Localisation'),
('program', 1, 'Programme'),
('stage', 7, 'Phase'),
('year', 3, 'Année');

/*!40101 SET CHARACTER_SET_CLIENT=@OLD_CHARACTER_SET_CLIENT */;
/*!40101 SET CHARACTER_SET_RESULTS=@OLD_CHARACTER_SET_RESULTS */;
/*!40101 SET COLLATION_CONNECTION=@OLD_COLLATION_CONNECTION */;
